﻿{"data":[{"Aces":[{"PrincipalSID":"S-1-5-21-310297039-926078081-3899681978-512","PrincipalType":"Group","RightName":"Owns","IsInherited":false},{"PrincipalSID":"S-1-5-21-310297039-926078081-3899681978-512","PrincipalType":"Group","RightName":"WriteDacl","IsInherited":false},{"PrincipalSID":"S-1-5-21-310297039-926078081-3899681978-512","PrincipalType":"Group","RightName":"WriteOwner","IsInherited":false},{"PrincipalSID":"S-1-5-21-310297039-926078081-3899681978-512","PrincipalType":"Group","RightName":"GenericWrite","IsInherited":false},{"PrincipalSID":"S-1-5-21-310297039-926078081-3899681978-512","PrincipalType":"Group","RightName":"WriteDacl","IsInherited":false},{"PrincipalSID":"S-1-5-21-310297039-926078081-3899681978-512","PrincipalType":"Group","RightName":"WriteOwner","IsInherited":false},{"PrincipalSID":"S-1-5-21-310297039-926078081-3899681978-512","PrincipalType":"Group","RightName":"GenericWrite","IsInherited":false},{"PrincipalSID":"S-1-5-21-310297039-926078081-3899681978-519","PrincipalType":"Group","RightName":"WriteDacl","IsInherited":false},{"PrincipalSID":"S-1-5-21-310297039-926078081-3899681978-519","PrincipalType":"Group","RightName":"WriteOwner","IsInherited":false},{"PrincipalSID":"S-1-5-21-310297039-926078081-3899681978-519","PrincipalType":"Group","RightName":"GenericWrite","IsInherited":false}],"ObjectIdentifier":"CFF29202-9B5C-4B68-95D8-01E220D13B4B","IsDeleted":false,"IsACLProtected":true,"Properties":{"domain":"TESTLAB.LOCAL","name":"DEFAULT DOMAIN POLICY@TESTLAB.LOCAL","distinguishedname":"CN={31B2F340-016D-11D2-945F-00C04FB984F9},CN=POLICIES,CN=SYSTEM,DC=TESTLAB,DC=LOCAL","domainsid":"S-1-5-21-310297039-926078081-3899681978","highvalue":false,"description":null,"whencreated":1654177559,"gpcpath":"\\\\TESTLAB.LOCAL\\SYSVOL\\TESTLAB.LOCAL\\POLICIES\\{31B2F340-016D-11D2-945F-00C04FB984F9}"}},{"Aces":[{"PrincipalSID":"S-1-5-21-310297039-926078081-3899681978-512","PrincipalType":"Group","RightName":"Owns","IsInherited":false},{"PrincipalSID":"S-1-5-21-310297039-926078081-3899681978-512","PrincipalType":"Group","RightName":"WriteDacl","IsInherited":false},{"PrincipalSID":"S-1-5-21-310297039-926078081-3899681978-512","PrincipalType":"Group","RightName":"WriteOwner","IsInherited":false},{"PrincipalSID":"S-1-5-21-310297039-926078081-3899681978-512","PrincipalType":"Group","RightName":"GenericWrite","IsInherited":false},{"PrincipalSID":"S-1-5-21-310297039-926078081-3899681978-512","PrincipalType":"Group","RightName":"WriteDacl","IsInherited":false},{"PrincipalSID":"S-1-5-21-310297039-926078081-3899681978-512","PrincipalType":"Group","RightName":"WriteOwner","IsInherited":false},{"PrincipalSID":"S-1-5-21-310297039-926078081-3899681978-512","PrincipalType":"Group","RightName":"GenericWrite","IsInherited":false},{"PrincipalSID":"S-1-5-21-310297039-926078081-3899681978-519","PrincipalType":"Group","RightName":"WriteDacl","IsInherited":false},{"PrincipalSID":"S-1-5-21-310297039-926078081-3899681978-519","PrincipalType":"Group","RightName":"WriteOwner","IsInherited":false},{"PrincipalSID":"S-1-5-21-310297039-926078081-3899681978-519","PrincipalType":"Group","RightName":"GenericWrite","IsInherited":false}],"ObjectIdentifier":"3E12980C-B0F5-47DF-845A-F2C44E74F0CA","IsDeleted":false,"IsACLProtected":true,"Properties":{"domain":"TESTLAB.LOCAL","name":"DEFAULT DOMAIN CONTROLLERS POLICY@TESTLAB.LOCAL","distinguishedname":"CN={6AC1786C-016F-11D2-945F-00C04FB984F9},CN=POLICIES,CN=SYSTEM,DC=TESTLAB,DC=LOCAL","domainsid":"S-1-5-21-310297039-926078081-3899681978","highvalue":false,"description":null,"whencreated":1654177559,"gpcpath":"\\\\TESTLAB.LOCAL\\SYSVOL\\TESTLAB.LOCAL\\POLICIES\\{6AC1786C-016F-11D2-945F-00C04FB984F9}"}}],"meta":{"methods":29687,"type":"gpos","count":2,"version":4}}