﻿{"data":[{"ChildObjects":[],"Aces":[{"PrincipalSID":"S-1-5-21-310297039-926078081-3899681978-512","PrincipalType":"Group","RightName":"Owns","IsInherited":false},{"PrincipalSID":"S-1-5-21-310297039-926078081-3899681978-512","PrincipalType":"Group","RightName":"WriteDacl","IsInherited":false},{"PrincipalSID":"S-1-5-21-310297039-926078081-3899681978-512","PrincipalType":"Group","RightName":"WriteOwner","IsInherited":false},{"PrincipalSID":"S-1-5-21-310297039-926078081-3899681978-519","PrincipalType":"Group","RightName":"GenericAll","IsInherited":true},{"PrincipalSID":"S-1-5-21-310297039-926078081-3899681978-512","PrincipalType":"Group","RightName":"GenericAll","IsInherited":true}],"ObjectIdentifier":"B1D27DA7-1892-4D27-AB1D-1A683542F012","IsDeleted":false,"IsACLProtected":false,"Properties":{"domain":"TESTLAB.LOCAL","name":"WMIGPO@TESTLAB.LOCAL","distinguishedname":"CN=WMIGPO,CN=WMIPOLICY,CN=SYSTEM,DC=TESTLAB,DC=LOCAL","domainsid":"S-1-5-21-310297039-926078081-3899681978","highvalue":false}},{"ChildObjects":[],"Aces":[{"PrincipalSID":"S-1-5-21-310297039-926078081-3899681978-512","PrincipalType":"Group","RightName":"Owns","IsInherited":false},{"PrincipalSID":"S-1-5-21-310297039-926078081-3899681978-512","PrincipalType":"Group","RightName":"WriteDacl","IsInherited":false},{"PrincipalSID":"S-1-5-21-310297039-926078081-3899681978-512","PrincipalType":"Group","RightName":"WriteOwner","IsInherited":false},{"PrincipalSID":"S-1-5-21-310297039-926078081-3899681978-519","PrincipalType":"Group","RightName":"GenericAll","IsInherited":true},{"PrincipalSID":"S-1-5-21-310297039-926078081-3899681978-512","PrincipalType":"Group","RightName":"GenericAll","IsInherited":true}],"ObjectIdentifier":"AA6B15BC-2D60-4120-938F-5D40F0E0FC60","IsDeleted":false,"IsACLProtected":false,"Properties":{"domain":"TESTLAB.LOCAL","name":"POLICYTYPE@TESTLAB.LOCAL","distinguishedname":"CN=POLICYTYPE,CN=WMIPOLICY,CN=SYSTEM,DC=TESTLAB,DC=LOCAL","domainsid":"S-1-5-21-310297039-926078081-3899681978","highvalue":false}},{"ChildObjects":[],"Aces":[{"PrincipalSID":"S-1-5-21-310297039-926078081-3899681978-512","PrincipalType":"Group","RightName":"Owns","IsInherited":false},{"PrincipalSID":"S-1-5-21-310297039-926078081-3899681978-512","PrincipalType":"Group","RightName":"GenericAll","IsInherited":false},{"PrincipalSID":"S-1-5-21-310297039-926078081-3899681978-519","PrincipalType":"Group","RightName":"GenericAll","IsInherited":false}],"ObjectIdentifier":"BF227813-4809-4B95-9F20-9A80B52B28D6","IsDeleted":false,"IsACLProtected":true,"Properties":{"domain":"TESTLAB.LOCAL","name":"WMIPOLICY@TESTLAB.LOCAL","distinguishedname":"CN=WMIPOLICY,CN=SYSTEM,DC=TESTLAB,DC=LOCAL","domainsid":"S-1-5-21-310297039-926078081-3899681978","highvalue":false}},{"ChildObjects":[],"Aces":[{"PrincipalSID":"S-1-5-21-310297039-926078081-3899681978-512","PrincipalType":"Group","RightName":"Owns","IsInherited":false},{"PrincipalSID":"S-1-5-21-310297039-926078081-3899681978-512","PrincipalType":"Group","RightName":"WriteDacl","IsInherited":false},{"PrincipalSID":"S-1-5-21-310297039-926078081-3899681978-512","PrincipalType":"Group","RightName":"WriteOwner","IsInherited":false},{"PrincipalSID":"S-1-5-21-310297039-926078081-3899681978-519","PrincipalType":"Group","RightName":"GenericAll","IsInherited":true},{"PrincipalSID":"S-1-5-21-310297039-926078081-3899681978-512","PrincipalType":"Group","RightName":"GenericAll","IsInherited":true}],"ObjectIdentifier":"8AA31531-98AD-40A2-B62B-6F594E9F02B1","IsDeleted":false,"IsACLProtected":false,"Properties":{"domain":"TESTLAB.LOCAL","name":"POLICYTEMPLATE@TESTLAB.LOCAL","distinguishedname":"CN=POLICYTEMPLATE,CN=WMIPOLICY,CN=SYSTEM,DC=TESTLAB,DC=LOCAL","domainsid":"S-1-5-21-310297039-926078081-3899681978","highvalue":false}},{"ChildObjects":[],"Aces":[{"PrincipalSID":"S-1-5-21-310297039-926078081-3899681978-512","PrincipalType":"Group","RightName":"Owns","IsInherited":false},{"PrincipalSID":"S-1-5-21-310297039-926078081-3899681978-512","PrincipalType":"Group","RightName":"GenericAll","IsInherited":false},{"PrincipalSID":"S-1-5-21-310297039-926078081-3899681978-519","PrincipalType":"Group","RightName":"GenericAll","IsInherited":false}],"ObjectIdentifier":"FAEC7139-3E51-413E-9FBE-700957722735","IsDeleted":false,"IsACLProtected":true,"Properties":{"domain":"TESTLAB.LOCAL","name":"SOM@TESTLAB.LOCAL","distinguishedname":"CN=SOM,CN=WMIPOLICY,CN=SYSTEM,DC=TESTLAB,DC=LOCAL","domainsid":"S-1-5-21-310297039-926078081-3899681978","highvalue":false}},{"ChildObjects":[],"Aces":[{"PrincipalSID":"S-1-5-21-310297039-926078081-3899681978-512","PrincipalType":"Group","RightName":"Owns","IsInherited":false},{"PrincipalSID":"TESTLAB.LOCAL-S-1-5-32-544","PrincipalType":"Group","RightName":"WriteDacl","IsInherited":false},{"PrincipalSID":"TESTLAB.LOCAL-S-1-5-32-544","PrincipalType":"Group","RightName":"WriteOwner","IsInherited":false},{"PrincipalSID":"S-1-5-21-310297039-926078081-3899681978-512","PrincipalType":"Group","RightName":"WriteDacl","IsInherited":false},{"PrincipalSID":"S-1-5-21-310297039-926078081-3899681978-512","PrincipalType":"Group","RightName":"WriteOwner","IsInherited":false},{"PrincipalSID":"S-1-5-21-310297039-926078081-3899681978-519","PrincipalType":"Group","RightName":"WriteDacl","IsInherited":false},{"PrincipalSID":"S-1-5-21-310297039-926078081-3899681978-519","PrincipalType":"Group","RightName":"WriteOwner","IsInherited":false}],"ObjectIdentifier":"FD3C5EBC-FF79-42DF-84C9-21DA25555003","IsDeleted":false,"IsACLProtected":true,"Properties":{"domain":"TESTLAB.LOCAL","name":"ADMINSDHOLDER@TESTLAB.LOCAL","distinguishedname":"CN=ADMINSDHOLDER,CN=SYSTEM,DC=TESTLAB,DC=LOCAL","domainsid":"S-1-5-21-310297039-926078081-3899681978","highvalue":false}},{"ChildObjects":[],"Aces":[{"PrincipalSID":"S-1-5-21-310297039-926078081-3899681978-512","PrincipalType":"Group","RightName":"Owns","IsInherited":false},{"PrincipalSID":"S-1-5-21-310297039-926078081-3899681978-512","PrincipalType":"Group","RightName":"GenericAll","IsInherited":false},{"PrincipalSID":"S-1-5-21-310297039-926078081-3899681978-519","PrincipalType":"Group","RightName":"GenericAll","IsInherited":true},{"PrincipalSID":"S-1-5-21-310297039-926078081-3899681978-2250","PrincipalType":"Computer","RightName":"GenericAll","IsInherited":true},{"PrincipalSID":"S-1-5-21-310297039-926078081-3899681978-2257","PrincipalType":"Computer","RightName":"GenericAll","IsInherited":true},{"PrincipalSID":"TESTLAB.LOCAL-S-1-5-32-544","PrincipalType":"Group","RightName":"WriteDacl","IsInherited":true},{"PrincipalSID":"TESTLAB.LOCAL-S-1-5-32-544","PrincipalType":"Group","RightName":"WriteOwner","IsInherited":true}],"ObjectIdentifier":"48E2CA2C-7244-454A-B0A4-36B13D52506E","IsDeleted":false,"IsACLProtected":false,"Properties":{"domain":"TESTLAB.LOCAL","name":"FOREIGNSECURITYPRINCIPALS@TESTLAB.LOCAL","distinguishedname":"CN=FOREIGNSECURITYPRINCIPALS,DC=TESTLAB,DC=LOCAL","domainsid":"S-1-5-21-310297039-926078081-3899681978","highvalue":false}},{"ChildObjects":[],"Aces":[{"PrincipalSID":"S-1-5-21-310297039-926078081-3899681978-512","PrincipalType":"Group","RightName":"Owns","IsInherited":false},{"PrincipalSID":"S-1-5-21-310297039-926078081-3899681978-512","PrincipalType":"Group","RightName":"WriteDacl","IsInherited":false},{"PrincipalSID":"S-1-5-21-310297039-926078081-3899681978-512","PrincipalType":"Group","RightName":"WriteOwner","IsInherited":false},{"PrincipalSID":"S-1-5-21-310297039-926078081-3899681978-519","PrincipalType":"Group","RightName":"GenericAll","IsInherited":true},{"PrincipalSID":"S-1-5-21-310297039-926078081-3899681978-2250","PrincipalType":"Computer","RightName":"GenericAll","IsInherited":true},{"PrincipalSID":"S-1-5-21-310297039-926078081-3899681978-2257","PrincipalType":"Computer","RightName":"GenericAll","IsInherited":true},{"PrincipalSID":"TESTLAB.LOCAL-S-1-5-32-544","PrincipalType":"Group","RightName":"WriteDacl","IsInherited":true},{"PrincipalSID":"TESTLAB.LOCAL-S-1-5-32-544","PrincipalType":"Group","RightName":"WriteOwner","IsInherited":true}],"ObjectIdentifier":"257A1AAC-B372-4EA5-ADCE-A5F6274B6F2C","IsDeleted":false,"IsACLProtected":false,"Properties":{"domain":"TESTLAB.LOCAL","name":"RPCSERVICES@TESTLAB.LOCAL","distinguishedname":"CN=RPCSERVICES,CN=SYSTEM,DC=TESTLAB,DC=LOCAL","domainsid":"S-1-5-21-310297039-926078081-3899681978","highvalue":false}},{"ChildObjects":[],"Aces":[{"PrincipalSID":"S-1-5-21-310297039-926078081-3899681978-512","PrincipalType":"Group","RightName":"Owns","IsInherited":false},{"PrincipalSID":"S-1-5-21-310297039-926078081-3899681978-512","PrincipalType":"Group","RightName":"WriteDacl","IsInherited":false},{"PrincipalSID":"S-1-5-21-310297039-926078081-3899681978-512","PrincipalType":"Group","RightName":"WriteOwner","IsInherited":false},{"PrincipalSID":"S-1-5-21-310297039-926078081-3899681978-519","PrincipalType":"Group","RightName":"GenericAll","IsInherited":true},{"PrincipalSID":"S-1-5-21-310297039-926078081-3899681978-2250","PrincipalType":"Computer","RightName":"GenericAll","IsInherited":true},{"PrincipalSID":"S-1-5-21-310297039-926078081-3899681978-2257","PrincipalType":"Computer","RightName":"GenericAll","IsInherited":true},{"PrincipalSID":"TESTLAB.LOCAL-S-1-5-32-544","PrincipalType":"Group","RightName":"WriteDacl","IsInherited":true},{"PrincipalSID":"TESTLAB.LOCAL-S-1-5-32-544","PrincipalType":"Group","RightName":"WriteOwner","IsInherited":true}],"ObjectIdentifier":"0F354A80-DD39-4ABF-A18B-605D4CE20EED","IsDeleted":false,"IsACLProtected":false,"Properties":{"domain":"TESTLAB.LOCAL","name":"MEETINGS@TESTLAB.LOCAL","distinguishedname":"CN=MEETINGS,CN=SYSTEM,DC=TESTLAB,DC=LOCAL","domainsid":"S-1-5-21-310297039-926078081-3899681978","highvalue":false}},{"ChildObjects":[],"Aces":[{"PrincipalSID":"S-1-5-21-310297039-926078081-3899681978-512","PrincipalType":"Group","RightName":"Owns","IsInherited":false},{"PrincipalSID":"S-1-5-21-310297039-926078081-3899681978-512","PrincipalType":"Group","RightName":"GenericAll","IsInherited":false},{"PrincipalSID":"S-1-5-21-310297039-926078081-3899681978-519","PrincipalType":"Group","RightName":"GenericAll","IsInherited":true},{"PrincipalSID":"S-1-5-21-310297039-926078081-3899681978-2250","PrincipalType":"Computer","RightName":"GenericAll","IsInherited":true},{"PrincipalSID":"S-1-5-21-310297039-926078081-3899681978-2257","PrincipalType":"Computer","RightName":"GenericAll","IsInherited":true},{"PrincipalSID":"TESTLAB.LOCAL-S-1-5-32-544","PrincipalType":"Group","RightName":"WriteDacl","IsInherited":true},{"PrincipalSID":"TESTLAB.LOCAL-S-1-5-32-544","PrincipalType":"Group","RightName":"WriteOwner","IsInherited":true}],"ObjectIdentifier":"4A914908-2BC5-4CF4-BB7F-089069AEDAED","IsDeleted":false,"IsACLProtected":false,"Properties":{"domain":"TESTLAB.LOCAL","name":"PROGRAM DATA@TESTLAB.LOCAL","distinguishedname":"CN=PROGRAM DATA,DC=TESTLAB,DC=LOCAL","domainsid":"S-1-5-21-310297039-926078081-3899681978","highvalue":false}},{"ChildObjects":[],"Aces":[{"PrincipalSID":"S-1-5-21-310297039-926078081-3899681978-512","PrincipalType":"Group","RightName":"Owns","IsInherited":false},{"PrincipalSID":"S-1-5-21-310297039-926078081-3899681978-512","PrincipalType":"Group","RightName":"WriteDacl","IsInherited":false},{"PrincipalSID":"S-1-5-21-310297039-926078081-3899681978-512","PrincipalType":"Group","RightName":"WriteOwner","IsInherited":false},{"PrincipalSID":"S-1-5-21-310297039-926078081-3899681978-519","PrincipalType":"Group","RightName":"GenericAll","IsInherited":true},{"PrincipalSID":"S-1-5-21-310297039-926078081-3899681978-2250","PrincipalType":"Computer","RightName":"GenericAll","IsInherited":true},{"PrincipalSID":"S-1-5-21-310297039-926078081-3899681978-2257","PrincipalType":"Computer","RightName":"GenericAll","IsInherited":true},{"PrincipalSID":"TESTLAB.LOCAL-S-1-5-32-544","PrincipalType":"Group","RightName":"WriteDacl","IsInherited":true},{"PrincipalSID":"TESTLAB.LOCAL-S-1-5-32-544","PrincipalType":"Group","RightName":"WriteOwner","IsInherited":true}],"ObjectIdentifier":"A4202BAB-0443-45E5-A46E-8A36EF91D89F","IsDeleted":false,"IsACLProtected":false,"Properties":{"domain":"TESTLAB.LOCAL","name":"COMPARTITIONS@TESTLAB.LOCAL","distinguishedname":"CN=COMPARTITIONS,CN=SYSTEM,DC=TESTLAB,DC=LOCAL","domainsid":"S-1-5-21-310297039-926078081-3899681978","highvalue":false}},{"ChildObjects":[],"Aces":[{"PrincipalSID":"S-1-5-21-310297039-926078081-3899681978-512","PrincipalType":"Group","RightName":"Owns","IsInherited":false},{"PrincipalSID":"S-1-5-21-310297039-926078081-3899681978-512","PrincipalType":"Group","RightName":"WriteDacl","IsInherited":false},{"PrincipalSID":"S-1-5-21-310297039-926078081-3899681978-512","PrincipalType":"Group","RightName":"WriteOwner","IsInherited":false},{"PrincipalSID":"S-1-5-21-310297039-926078081-3899681978-519","PrincipalType":"Group","RightName":"GenericAll","IsInherited":true},{"PrincipalSID":"S-1-5-21-310297039-926078081-3899681978-2250","PrincipalType":"Computer","RightName":"GenericAll","IsInherited":true},{"PrincipalSID":"S-1-5-21-310297039-926078081-3899681978-2257","PrincipalType":"Computer","RightName":"GenericAll","IsInherited":true},{"PrincipalSID":"TESTLAB.LOCAL-S-1-5-32-544","PrincipalType":"Group","RightName":"WriteDacl","IsInherited":true},{"PrincipalSID":"TESTLAB.LOCAL-S-1-5-32-544","PrincipalType":"Group","RightName":"WriteOwner","IsInherited":true}],"ObjectIdentifier":"E69FA796-B7D8-4A18-87F3-329221B28B11","IsDeleted":false,"IsACLProtected":false,"Properties":{"domain":"TESTLAB.LOCAL","name":"SYSTEM@TESTLAB.LOCAL","distinguishedname":"CN=SYSTEM,DC=TESTLAB,DC=LOCAL","domainsid":"S-1-5-21-310297039-926078081-3899681978","highvalue":false}},{"ChildObjects":[],"Aces":[{"PrincipalSID":"S-1-5-21-310297039-926078081-3899681978-512","PrincipalType":"Group","RightName":"Owns","IsInherited":false},{"PrincipalSID":"S-1-5-21-310297039-926078081-3899681978-512","PrincipalType":"Group","RightName":"WriteDacl","IsInherited":false},{"PrincipalSID":"S-1-5-21-310297039-926078081-3899681978-512","PrincipalType":"Group","RightName":"WriteOwner","IsInherited":false},{"PrincipalSID":"S-1-5-21-310297039-926078081-3899681978-519","PrincipalType":"Group","RightName":"GenericAll","IsInherited":true},{"PrincipalSID":"S-1-5-21-310297039-926078081-3899681978-2250","PrincipalType":"Computer","RightName":"GenericAll","IsInherited":true},{"PrincipalSID":"S-1-5-21-310297039-926078081-3899681978-2257","PrincipalType":"Computer","RightName":"GenericAll","IsInherited":true},{"PrincipalSID":"TESTLAB.LOCAL-S-1-5-32-544","PrincipalType":"Group","RightName":"WriteDacl","IsInherited":true},{"PrincipalSID":"TESTLAB.LOCAL-S-1-5-32-544","PrincipalType":"Group","RightName":"WriteOwner","IsInherited":true}],"ObjectIdentifier":"13776A98-6D34-406F-8DBE-260D740269A9","IsDeleted":false,"IsACLProtected":false,"Properties":{"domain":"TESTLAB.LOCAL","name":"COMPUTERS@TESTLAB.LOCAL","distinguishedname":"CN=COMPUTERS,DC=TESTLAB,DC=LOCAL","domainsid":"S-1-5-21-310297039-926078081-3899681978","highvalue":false}},{"ChildObjects":[],"Aces":[{"PrincipalSID":"S-1-5-21-310297039-926078081-3899681978-512","PrincipalType":"Group","RightName":"Owns","IsInherited":false},{"PrincipalSID":"S-1-5-21-310297039-926078081-3899681978-512","PrincipalType":"Group","RightName":"WriteDacl","IsInherited":false},{"PrincipalSID":"S-1-5-21-310297039-926078081-3899681978-512","PrincipalType":"Group","RightName":"WriteOwner","IsInherited":false},{"PrincipalSID":"S-1-5-21-310297039-926078081-3899681978-519","PrincipalType":"Group","RightName":"GenericAll","IsInherited":true},{"PrincipalSID":"S-1-5-21-310297039-926078081-3899681978-2250","PrincipalType":"Computer","RightName":"GenericAll","IsInherited":true},{"PrincipalSID":"S-1-5-21-310297039-926078081-3899681978-2257","PrincipalType":"Computer","RightName":"GenericAll","IsInherited":true},{"PrincipalSID":"TESTLAB.LOCAL-S-1-5-32-544","PrincipalType":"Group","RightName":"WriteDacl","IsInherited":true},{"PrincipalSID":"TESTLAB.LOCAL-S-1-5-32-544","PrincipalType":"Group","RightName":"WriteOwner","IsInherited":true}],"ObjectIdentifier":"E26DC853-8137-474C-9BC5-5FBC11C0C343","IsDeleted":false,"IsACLProtected":false,"Properties":{"domain":"TESTLAB.LOCAL","name":"WINSOCKSERVICES@TESTLAB.LOCAL","distinguishedname":"CN=WINSOCKSERVICES,CN=SYSTEM,DC=TESTLAB,DC=LOCAL","domainsid":"S-1-5-21-310297039-926078081-3899681978","highvalue":false}},{"ChildObjects":[],"Aces":[{"PrincipalSID":"S-1-5-21-310297039-926078081-3899681978-512","PrincipalType":"Group","RightName":"Owns","IsInherited":false},{"PrincipalSID":"S-1-5-21-310297039-926078081-3899681978-512","PrincipalType":"Group","RightName":"GenericAll","IsInherited":false},{"PrincipalSID":"S-1-5-21-310297039-926078081-3899681978-519","PrincipalType":"Group","RightName":"GenericAll","IsInherited":true},{"PrincipalSID":"S-1-5-21-310297039-926078081-3899681978-2250","PrincipalType":"Computer","RightName":"GenericAll","IsInherited":true},{"PrincipalSID":"S-1-5-21-310297039-926078081-3899681978-2257","PrincipalType":"Computer","RightName":"GenericAll","IsInherited":true},{"PrincipalSID":"TESTLAB.LOCAL-S-1-5-32-544","PrincipalType":"Group","RightName":"WriteDacl","IsInherited":true},{"PrincipalSID":"TESTLAB.LOCAL-S-1-5-32-544","PrincipalType":"Group","RightName":"WriteOwner","IsInherited":true}],"ObjectIdentifier":"81C36C9F-1813-4B37-8B12-D2B5431FF3E0","IsDeleted":false,"IsACLProtected":false,"Properties":{"domain":"TESTLAB.LOCAL","name":"MICROSOFT@TESTLAB.LOCAL","distinguishedname":"CN=MICROSOFT,CN=PROGRAM DATA,DC=TESTLAB,DC=LOCAL","domainsid":"S-1-5-21-310297039-926078081-3899681978","highvalue":false}},{"ChildObjects":[],"Aces":[{"PrincipalSID":"S-1-5-21-310297039-926078081-3899681978-512","PrincipalType":"Group","RightName":"Owns","IsInherited":false},{"PrincipalSID":"S-1-5-21-310297039-926078081-3899681978-512","PrincipalType":"Group","RightName":"WriteDacl","IsInherited":false},{"PrincipalSID":"S-1-5-21-310297039-926078081-3899681978-512","PrincipalType":"Group","RightName":"WriteOwner","IsInherited":false},{"PrincipalSID":"S-1-5-21-310297039-926078081-3899681978-519","PrincipalType":"Group","RightName":"GenericAll","IsInherited":true},{"PrincipalSID":"S-1-5-21-310297039-926078081-3899681978-2250","PrincipalType":"Computer","RightName":"GenericAll","IsInherited":true},{"PrincipalSID":"S-1-5-21-310297039-926078081-3899681978-2257","PrincipalType":"Computer","RightName":"GenericAll","IsInherited":true},{"PrincipalSID":"TESTLAB.LOCAL-S-1-5-32-544","PrincipalType":"Group","RightName":"WriteDacl","IsInherited":true},{"PrincipalSID":"TESTLAB.LOCAL-S-1-5-32-544","PrincipalType":"Group","RightName":"WriteOwner","IsInherited":true}],"ObjectIdentifier":"BB748AB3-0B00-4F59-8D47-7A00DACA5FFD","IsDeleted":false,"IsACLProtected":false,"Properties":{"domain":"TESTLAB.LOCAL","name":"MANAGED SERVICE ACCOUNTS@TESTLAB.LOCAL","distinguishedname":"CN=MANAGED SERVICE ACCOUNTS,DC=TESTLAB,DC=LOCAL","domainsid":"S-1-5-21-310297039-926078081-3899681978","highvalue":false}},{"ChildObjects":[],"Aces":[{"PrincipalSID":"S-1-5-21-310297039-926078081-3899681978-512","PrincipalType":"Group","RightName":"Owns","IsInherited":false},{"PrincipalSID":"S-1-5-21-310297039-926078081-3899681978-512","PrincipalType":"Group","RightName":"WriteDacl","IsInherited":false},{"PrincipalSID":"S-1-5-21-310297039-926078081-3899681978-512","PrincipalType":"Group","RightName":"WriteOwner","IsInherited":false},{"PrincipalSID":"S-1-5-21-310297039-926078081-3899681978-519","PrincipalType":"Group","RightName":"GenericAll","IsInherited":true},{"PrincipalSID":"S-1-5-21-310297039-926078081-3899681978-2250","PrincipalType":"Computer","RightName":"GenericAll","IsInherited":true},{"PrincipalSID":"S-1-5-21-310297039-926078081-3899681978-2257","PrincipalType":"Computer","RightName":"GenericAll","IsInherited":true},{"PrincipalSID":"TESTLAB.LOCAL-S-1-5-32-544","PrincipalType":"Group","RightName":"WriteDacl","IsInherited":true},{"PrincipalSID":"TESTLAB.LOCAL-S-1-5-32-544","PrincipalType":"Group","RightName":"WriteOwner","IsInherited":true}],"ObjectIdentifier":"AE949384-26BC-47EF-83B6-45700DFAB4B4","IsDeleted":false,"IsACLProtected":false,"Properties":{"domain":"TESTLAB.LOCAL","name":"COMPARTITIONSETS@TESTLAB.LOCAL","distinguishedname":"CN=COMPARTITIONSETS,CN=SYSTEM,DC=TESTLAB,DC=LOCAL","domainsid":"S-1-5-21-310297039-926078081-3899681978","highvalue":false}},{"ChildObjects":[],"Aces":[{"PrincipalSID":"S-1-5-21-310297039-926078081-3899681978-512","PrincipalType":"Group","RightName":"Owns","IsInherited":false},{"PrincipalSID":"S-1-5-21-310297039-926078081-3899681978-512","PrincipalType":"Group","RightName":"GenericAll","IsInherited":false},{"PrincipalSID":"S-1-5-21-310297039-926078081-3899681978-519","PrincipalType":"Group","RightName":"GenericAll","IsInherited":true},{"PrincipalSID":"S-1-5-21-310297039-926078081-3899681978-2250","PrincipalType":"Computer","RightName":"GenericAll","IsInherited":true},{"PrincipalSID":"S-1-5-21-310297039-926078081-3899681978-2257","PrincipalType":"Computer","RightName":"GenericAll","IsInherited":true},{"PrincipalSID":"TESTLAB.LOCAL-S-1-5-32-544","PrincipalType":"Group","RightName":"WriteDacl","IsInherited":true},{"PrincipalSID":"TESTLAB.LOCAL-S-1-5-32-544","PrincipalType":"Group","RightName":"WriteOwner","IsInherited":true}],"ObjectIdentifier":"C4430CF2-9A69-4717-A728-4872AB1005ED","IsDeleted":false,"IsACLProtected":false,"Properties":{"domain":"TESTLAB.LOCAL","name":"PSPS@TESTLAB.LOCAL","distinguishedname":"CN=PSPS,CN=SYSTEM,DC=TESTLAB,DC=LOCAL","domainsid":"S-1-5-21-310297039-926078081-3899681978","highvalue":false}},{"ChildObjects":[],"Aces":[{"PrincipalSID":"S-1-5-21-310297039-926078081-3899681978-512","PrincipalType":"Group","RightName":"Owns","IsInherited":false},{"PrincipalSID":"S-1-5-21-310297039-926078081-3899681978-512","PrincipalType":"Group","RightName":"WriteDacl","IsInherited":false},{"PrincipalSID":"S-1-5-21-310297039-926078081-3899681978-512","PrincipalType":"Group","RightName":"WriteOwner","IsInherited":false},{"PrincipalSID":"S-1-5-21-310297039-926078081-3899681978-519","PrincipalType":"Group","RightName":"GenericAll","IsInherited":true},{"PrincipalSID":"S-1-5-21-310297039-926078081-3899681978-2250","PrincipalType":"Computer","RightName":"GenericAll","IsInherited":true},{"PrincipalSID":"S-1-5-21-310297039-926078081-3899681978-2257","PrincipalType":"Computer","RightName":"GenericAll","IsInherited":true},{"PrincipalSID":"TESTLAB.LOCAL-S-1-5-32-544","PrincipalType":"Group","RightName":"WriteDacl","IsInherited":true},{"PrincipalSID":"TESTLAB.LOCAL-S-1-5-32-544","PrincipalType":"Group","RightName":"WriteOwner","IsInherited":true}],"ObjectIdentifier":"71EAF5BE-13B8-4176-8C3B-48E37EC4B10F","IsDeleted":false,"IsACLProtected":false,"Properties":{"domain":"TESTLAB.LOCAL","name":"POLICIES@TESTLAB.LOCAL","distinguishedname":"CN=POLICIES,CN=SYSTEM,DC=TESTLAB,DC=LOCAL","domainsid":"S-1-5-21-310297039-926078081-3899681978","highvalue":false}},{"ChildObjects":[],"Aces":[{"PrincipalSID":"S-1-5-21-310297039-926078081-3899681978-512","PrincipalType":"Group","RightName":"Owns","IsInherited":false},{"PrincipalSID":"S-1-5-21-310297039-926078081-3899681978-553","PrincipalType":"Group","RightName":"WriteDacl","IsInherited":false},{"PrincipalSID":"S-1-5-21-310297039-926078081-3899681978-553","PrincipalType":"Group","RightName":"WriteOwner","IsInherited":false},{"PrincipalSID":"S-1-5-21-310297039-926078081-3899681978-519","PrincipalType":"Group","RightName":"GenericAll","IsInherited":true},{"PrincipalSID":"S-1-5-21-310297039-926078081-3899681978-2250","PrincipalType":"Computer","RightName":"GenericAll","IsInherited":true},{"PrincipalSID":"S-1-5-21-310297039-926078081-3899681978-2257","PrincipalType":"Computer","RightName":"GenericAll","IsInherited":true},{"PrincipalSID":"TESTLAB.LOCAL-S-1-5-32-544","PrincipalType":"Group","RightName":"WriteDacl","IsInherited":true},{"PrincipalSID":"TESTLAB.LOCAL-S-1-5-32-544","PrincipalType":"Group","RightName":"WriteOwner","IsInherited":true}],"ObjectIdentifier":"5DEF0497-487D-4C62-9C12-59A1767FBC8B","IsDeleted":false,"IsACLProtected":false,"Properties":{"domain":"TESTLAB.LOCAL","name":"RAS AND IAS SERVERS ACCESS CHECK@TESTLAB.LOCAL","distinguishedname":"CN=RAS AND IAS SERVERS ACCESS CHECK,CN=SYSTEM,DC=TESTLAB,DC=LOCAL","domainsid":"S-1-5-21-310297039-926078081-3899681978","highvalue":false}},{"ChildObjects":[{"ObjectIdentifier":"S-1-5-21-310297039-926078081-3899681978-572","ObjectType":"Group"},{"ObjectIdentifier":"S-1-5-21-310297039-926078081-3899681978-500","ObjectType":"User"},{"ObjectIdentifier":"S-1-5-21-310297039-926078081-3899681978-1101","ObjectType":"Group"},{"ObjectIdentifier":"S-1-5-21-310297039-926078081-3899681978-1102","ObjectType":"Group"},{"ObjectIdentifier":"S-1-5-21-310297039-926078081-3899681978-512","ObjectType":"Group"},{"ObjectIdentifier":"S-1-5-21-310297039-926078081-3899681978-513","ObjectType":"Group"},{"ObjectIdentifier":"S-1-5-21-310297039-926078081-3899681978-514","ObjectType":"Group"},{"ObjectIdentifier":"S-1-5-21-310297039-926078081-3899681978-515","ObjectType":"Group"},{"ObjectIdentifier":"S-1-5-21-310297039-926078081-3899681978-516","ObjectType":"Group"},{"ObjectIdentifier":"S-1-5-21-310297039-926078081-3899681978-501","ObjectType":"User"},{"ObjectIdentifier":"S-1-5-21-310297039-926078081-3899681978-522","ObjectType":"Group"},{"ObjectIdentifier":"S-1-5-21-310297039-926078081-3899681978-502","ObjectType":"User"},{"ObjectIdentifier":"S-1-5-21-310297039-926078081-3899681978-2260","ObjectType":"User"},{"ObjectIdentifier":"S-1-5-21-310297039-926078081-3899681978-519","ObjectType":"Group"},{"ObjectIdentifier":"S-1-5-21-310297039-926078081-3899681978-525","ObjectType":"Group"},{"ObjectIdentifier":"S-1-5-21-310297039-926078081-3899681978-553","ObjectType":"Group"},{"ObjectIdentifier":"S-1-5-21-310297039-926078081-3899681978-520","ObjectType":"Group"},{"ObjectIdentifier":"S-1-5-21-310297039-926078081-3899681978-518","ObjectType":"Group"},{"ObjectIdentifier":"S-1-5-21-310297039-926078081-3899681978-526","ObjectType":"Group"},{"ObjectIdentifier":"S-1-5-21-310297039-926078081-3899681978-521","ObjectType":"Group"},{"ObjectIdentifier":"S-1-5-21-310297039-926078081-3899681978-498","ObjectType":"Group"},{"ObjectIdentifier":"S-1-5-21-310297039-926078081-3899681978-527","ObjectType":"Group"},{"ObjectIdentifier":"S-1-5-21-310297039-926078081-3899681978-517","ObjectType":"Group"},{"ObjectIdentifier":"S-1-5-21-310297039-926078081-3899681978-571","ObjectType":"Group"}],"Aces":[{"PrincipalSID":"S-1-5-21-310297039-926078081-3899681978-512","PrincipalType":"Group","RightName":"Owns","IsInherited":false},{"PrincipalSID":"S-1-5-21-310297039-926078081-3899681978-512","PrincipalType":"Group","RightName":"WriteDacl","IsInherited":false},{"PrincipalSID":"S-1-5-21-310297039-926078081-3899681978-512","PrincipalType":"Group","RightName":"WriteOwner","IsInherited":false},{"PrincipalSID":"S-1-5-21-310297039-926078081-3899681978-519","PrincipalType":"Group","RightName":"GenericAll","IsInherited":true},{"PrincipalSID":"S-1-5-21-310297039-926078081-3899681978-2250","PrincipalType":"Computer","RightName":"GenericAll","IsInherited":true},{"PrincipalSID":"S-1-5-21-310297039-926078081-3899681978-2257","PrincipalType":"Computer","RightName":"GenericAll","IsInherited":true},{"PrincipalSID":"TESTLAB.LOCAL-S-1-5-32-544","PrincipalType":"Group","RightName":"WriteDacl","IsInherited":true},{"PrincipalSID":"TESTLAB.LOCAL-S-1-5-32-544","PrincipalType":"Group","RightName":"WriteOwner","IsInherited":true}],"ObjectIdentifier":"CBE4230D-70D6-43BF-96A8-AE19D81A253D","IsDeleted":false,"IsACLProtected":false,"Properties":{"domain":"TESTLAB.LOCAL","name":"USERS@TESTLAB.LOCAL","distinguishedname":"CN=USERS,DC=TESTLAB,DC=LOCAL","domainsid":"S-1-5-21-310297039-926078081-3899681978","highvalue":false}}],"meta":{"methods":29687,"type":"containers","count":21,"version":4}}