﻿{"data":[{"PrimaryGroupSID":"S-1-5-21-310297039-926078081-3899681978-515","AllowedToDelegate":[],"AllowedToAct":[],"HasSIDHistory":[],"Sessions":{"Results":[],"Collected":false,"FailureReason":null},"PrivilegedSessions":{"Results":[],"Collected":false,"FailureReason":null},"RegistrySessions":{"Results":[],"Collected":false,"FailureReason":null},"LocalAdmins":{"Results":[],"Collected":false,"FailureReason":null},"RemoteDesktopUsers":{"Results":[],"Collected":false,"FailureReason":null},"DcomUsers":{"Results":[],"Collected":false,"FailureReason":null},"PSRemoteUsers":{"Results":[],"Collected":false,"FailureReason":null},"Status":null,"Aces":[{"PrincipalSID":"S-1-5-21-310297039-926078081-3899681978-512","PrincipalType":"Group","RightName":"Owns","IsInherited":false},{"PrincipalSID":"TESTLAB.LOCAL-S-1-5-32-548","PrincipalType":"Group","RightName":"GenericAll","IsInherited":false},{"PrincipalSID":"S-1-5-21-310297039-926078081-3899681978-512","PrincipalType":"Group","RightName":"GenericAll","IsInherited":false},{"PrincipalSID":"S-1-5-21-310297039-926078081-3899681978-526","PrincipalType":"Group","RightName":"AddKeyCredentialLink","IsInherited":true},{"PrincipalSID":"S-1-5-21-310297039-926078081-3899681978-527","PrincipalType":"Group","RightName":"AddKeyCredentialLink","IsInherited":true},{"PrincipalSID":"S-1-5-21-310297039-926078081-3899681978-1216","PrincipalType":"User","RightName":"GenericAll","IsInherited":true},{"PrincipalSID":"S-1-5-21-310297039-926078081-3899681978-519","PrincipalType":"Group","RightName":"GenericAll","IsInherited":true},{"PrincipalSID":"S-1-5-21-310297039-926078081-3899681978-2250","PrincipalType":"Computer","RightName":"GenericAll","IsInherited":true},{"PrincipalSID":"S-1-5-21-310297039-926078081-3899681978-2257","PrincipalType":"Computer","RightName":"GenericAll","IsInherited":true},{"PrincipalSID":"TESTLAB.LOCAL-S-1-5-32-544","PrincipalType":"Group","RightName":"WriteDacl","IsInherited":true},{"PrincipalSID":"TESTLAB.LOCAL-S-1-5-32-544","PrincipalType":"Group","RightName":"WriteOwner","IsInherited":true},{"PrincipalSID":"TESTLAB.LOCAL-S-1-5-32-544","PrincipalType":"Group","RightName":"GenericWrite","IsInherited":true}],"ObjectIdentifier":"S-1-5-21-310297039-926078081-3899681978-2242","IsDeleted":false,"IsACLProtected":false,"Properties":{"domain":"TESTLAB.LOCAL","name":"TSTLAP1000000.TESTLAB.LOCAL","distinguishedname":"CN=TSTLAP1000000,OU=SERVICEACCOUNTS,OU=TST,OU=TIER 1,DC=TESTLAB,DC=LOCAL","domainsid":"S-1-5-21-310297039-926078081-3899681978","highvalue":false,"haslaps":false,"description":"Created with secframe.com/badblood.","whencreated":1654251601,"enabled":true,"unconstraineddelegation":false,"trustedtoauth":false,"lastlogon":0,"lastlogontimestamp":-1,"pwdlastset":1654244401,"serviceprincipalnames":[],"operatingsystem":null,"sidhistory":[]}},{"PrimaryGroupSID":"S-1-5-21-310297039-926078081-3899681978-515","AllowedToDelegate":[],"AllowedToAct":[],"HasSIDHistory":[],"Sessions":{"Results":[],"Collected":false,"FailureReason":null},"PrivilegedSessions":{"Results":[],"Collected":false,"FailureReason":null},"RegistrySessions":{"Results":[],"Collected":false,"FailureReason":null},"LocalAdmins":{"Results":[],"Collected":false,"FailureReason":null},"RemoteDesktopUsers":{"Results":[],"Collected":false,"FailureReason":null},"DcomUsers":{"Results":[],"Collected":false,"FailureReason":null},"PSRemoteUsers":{"Results":[],"Collected":false,"FailureReason":null},"Status":null,"Aces":[{"PrincipalSID":"S-1-5-21-310297039-926078081-3899681978-512","PrincipalType":"Group","RightName":"Owns","IsInherited":false},{"PrincipalSID":"TESTLAB.LOCAL-S-1-5-32-548","PrincipalType":"Group","RightName":"GenericAll","IsInherited":false},{"PrincipalSID":"S-1-5-21-310297039-926078081-3899681978-512","PrincipalType":"Group","RightName":"GenericAll","IsInherited":false},{"PrincipalSID":"S-1-5-21-310297039-926078081-3899681978-2256","PrincipalType":"Computer","RightName":"GenericAll","IsInherited":true},{"PrincipalSID":"S-1-5-21-310297039-926078081-3899681978-526","PrincipalType":"Group","RightName":"AddKeyCredentialLink","IsInherited":true},{"PrincipalSID":"S-1-5-21-310297039-926078081-3899681978-527","PrincipalType":"Group","RightName":"AddKeyCredentialLink","IsInherited":true},{"PrincipalSID":"S-1-5-21-310297039-926078081-3899681978-1216","PrincipalType":"User","RightName":"GenericAll","IsInherited":true},{"PrincipalSID":"S-1-5-21-310297039-926078081-3899681978-519","PrincipalType":"Group","RightName":"GenericAll","IsInherited":true},{"PrincipalSID":"S-1-5-21-310297039-926078081-3899681978-2250","PrincipalType":"Computer","RightName":"GenericAll","IsInherited":true},{"PrincipalSID":"S-1-5-21-310297039-926078081-3899681978-2257","PrincipalType":"Computer","RightName":"GenericAll","IsInherited":true},{"PrincipalSID":"TESTLAB.LOCAL-S-1-5-32-544","PrincipalType":"Group","RightName":"WriteDacl","IsInherited":true},{"PrincipalSID":"TESTLAB.LOCAL-S-1-5-32-544","PrincipalType":"Group","RightName":"WriteOwner","IsInherited":true},{"PrincipalSID":"TESTLAB.LOCAL-S-1-5-32-544","PrincipalType":"Group","RightName":"GenericWrite","IsInherited":true}],"ObjectIdentifier":"S-1-5-21-310297039-926078081-3899681978-2244","IsDeleted":false,"IsACLProtected":false,"Properties":{"domain":"TESTLAB.LOCAL","name":"FSRWAPPS1000000.TESTLAB.LOCAL","distinguishedname":"CN=FSRWAPPS1000000,OU=T0-DEVICES,OU=TIER 0,OU=ADMIN,DC=TESTLAB,DC=LOCAL","domainsid":"S-1-5-21-310297039-926078081-3899681978","highvalue":false,"haslaps":false,"description":"Created with secframe.com/badblood.","whencreated":1654251602,"enabled":true,"unconstraineddelegation":false,"trustedtoauth":false,"lastlogon":0,"lastlogontimestamp":-1,"pwdlastset":1654244402,"serviceprincipalnames":[],"operatingsystem":null,"sidhistory":[]}},{"PrimaryGroupSID":"S-1-5-21-310297039-926078081-3899681978-515","AllowedToDelegate":[],"AllowedToAct":[],"HasSIDHistory":[],"Sessions":{"Results":[],"Collected":false,"FailureReason":null},"PrivilegedSessions":{"Results":[],"Collected":false,"FailureReason":null},"RegistrySessions":{"Results":[],"Collected":false,"FailureReason":null},"LocalAdmins":{"Results":[],"Collected":false,"FailureReason":null},"RemoteDesktopUsers":{"Results":[],"Collected":false,"FailureReason":null},"DcomUsers":{"Results":[],"Collected":false,"FailureReason":null},"PSRemoteUsers":{"Results":[],"Collected":false,"FailureReason":null},"Status":null,"Aces":[{"PrincipalSID":"S-1-5-21-310297039-926078081-3899681978-512","PrincipalType":"Group","RightName":"Owns","IsInherited":false},{"PrincipalSID":"TESTLAB.LOCAL-S-1-5-32-548","PrincipalType":"Group","RightName":"GenericAll","IsInherited":false},{"PrincipalSID":"S-1-5-21-310297039-926078081-3899681978-512","PrincipalType":"Group","RightName":"GenericAll","IsInherited":false},{"PrincipalSID":"S-1-5-21-310297039-926078081-3899681978-2095","PrincipalType":"Group","RightName":"GenericAll","IsInherited":true},{"PrincipalSID":"S-1-5-21-310297039-926078081-3899681978-2255","PrincipalType":"Computer","RightName":"GenericAll","IsInherited":true},{"PrincipalSID":"S-1-5-21-310297039-926078081-3899681978-2235","PrincipalType":"Group","RightName":"GenericAll","IsInherited":true},{"PrincipalSID":"S-1-5-21-310297039-926078081-3899681978-2250","PrincipalType":"Computer","RightName":"GenericAll","IsInherited":true},{"PrincipalSID":"S-1-5-21-310297039-926078081-3899681978-2253","PrincipalType":"Computer","RightName":"GenericAll","IsInherited":true},{"PrincipalSID":"S-1-5-21-310297039-926078081-3899681978-526","PrincipalType":"Group","RightName":"AddKeyCredentialLink","IsInherited":true},{"PrincipalSID":"S-1-5-21-310297039-926078081-3899681978-527","PrincipalType":"Group","RightName":"AddKeyCredentialLink","IsInherited":true},{"PrincipalSID":"S-1-5-21-310297039-926078081-3899681978-1216","PrincipalType":"User","RightName":"GenericAll","IsInherited":true},{"PrincipalSID":"S-1-5-21-310297039-926078081-3899681978-519","PrincipalType":"Group","RightName":"GenericAll","IsInherited":true},{"PrincipalSID":"S-1-5-21-310297039-926078081-3899681978-2250","PrincipalType":"Computer","RightName":"GenericAll","IsInherited":true},{"PrincipalSID":"S-1-5-21-310297039-926078081-3899681978-2257","PrincipalType":"Computer","RightName":"GenericAll","IsInherited":true},{"PrincipalSID":"TESTLAB.LOCAL-S-1-5-32-544","PrincipalType":"Group","RightName":"WriteDacl","IsInherited":true},{"PrincipalSID":"TESTLAB.LOCAL-S-1-5-32-544","PrincipalType":"Group","RightName":"WriteOwner","IsInherited":true},{"PrincipalSID":"TESTLAB.LOCAL-S-1-5-32-544","PrincipalType":"Group","RightName":"GenericWrite","IsInherited":true}],"ObjectIdentifier":"S-1-5-21-310297039-926078081-3899681978-2245","IsDeleted":false,"IsACLProtected":false,"Properties":{"domain":"TESTLAB.LOCAL","name":"TSTWAPPS1000000.TESTLAB.LOCAL","distinguishedname":"CN=TSTWAPPS1000000,OU=SERVICEACCOUNTS,OU=AZR,OU=TIER 2,DC=TESTLAB,DC=LOCAL","domainsid":"S-1-5-21-310297039-926078081-3899681978","highvalue":false,"haslaps":false,"description":"Created with secframe.com/badblood.","whencreated":1654251602,"enabled":true,"unconstraineddelegation":false,"trustedtoauth":false,"lastlogon":0,"lastlogontimestamp":-1,"pwdlastset":1654244402,"serviceprincipalnames":[],"operatingsystem":null,"sidhistory":[]}},{"PrimaryGroupSID":"S-1-5-21-310297039-926078081-3899681978-515","AllowedToDelegate":[],"AllowedToAct":[],"HasSIDHistory":[],"Sessions":{"Results":[],"Collected":false,"FailureReason":null},"PrivilegedSessions":{"Results":[],"Collected":false,"FailureReason":null},"RegistrySessions":{"Results":[],"Collected":false,"FailureReason":null},"LocalAdmins":{"Results":[],"Collected":false,"FailureReason":null},"RemoteDesktopUsers":{"Results":[],"Collected":false,"FailureReason":null},"DcomUsers":{"Results":[],"Collected":false,"FailureReason":null},"PSRemoteUsers":{"Results":[],"Collected":false,"FailureReason":null},"Status":null,"Aces":[{"PrincipalSID":"S-1-5-21-310297039-926078081-3899681978-512","PrincipalType":"Group","RightName":"Owns","IsInherited":false},{"PrincipalSID":"TESTLAB.LOCAL-S-1-5-32-548","PrincipalType":"Group","RightName":"GenericAll","IsInherited":false},{"PrincipalSID":"S-1-5-21-310297039-926078081-3899681978-512","PrincipalType":"Group","RightName":"GenericAll","IsInherited":false},{"PrincipalSID":"S-1-5-21-310297039-926078081-3899681978-2257","PrincipalType":"Computer","RightName":"GenericAll","IsInherited":true},{"PrincipalSID":"S-1-5-21-310297039-926078081-3899681978-2253","PrincipalType":"Computer","RightName":"GenericAll","IsInherited":true},{"PrincipalSID":"S-1-5-21-310297039-926078081-3899681978-526","PrincipalType":"Group","RightName":"AddKeyCredentialLink","IsInherited":true},{"PrincipalSID":"S-1-5-21-310297039-926078081-3899681978-527","PrincipalType":"Group","RightName":"AddKeyCredentialLink","IsInherited":true},{"PrincipalSID":"S-1-5-21-310297039-926078081-3899681978-1216","PrincipalType":"User","RightName":"GenericAll","IsInherited":true},{"PrincipalSID":"S-1-5-21-310297039-926078081-3899681978-519","PrincipalType":"Group","RightName":"GenericAll","IsInherited":true},{"PrincipalSID":"S-1-5-21-310297039-926078081-3899681978-2250","PrincipalType":"Computer","RightName":"GenericAll","IsInherited":true},{"PrincipalSID":"TESTLAB.LOCAL-S-1-5-32-544","PrincipalType":"Group","RightName":"WriteDacl","IsInherited":true},{"PrincipalSID":"TESTLAB.LOCAL-S-1-5-32-544","PrincipalType":"Group","RightName":"WriteOwner","IsInherited":true},{"PrincipalSID":"TESTLAB.LOCAL-S-1-5-32-544","PrincipalType":"Group","RightName":"GenericWrite","IsInherited":true}],"ObjectIdentifier":"S-1-5-21-310297039-926078081-3899681978-2246","IsDeleted":false,"IsACLProtected":false,"Properties":{"domain":"TESTLAB.LOCAL","name":"BDEWCTRX1000000.TESTLAB.LOCAL","distinguishedname":"CN=BDEWCTRX1000000,OU=TEST,OU=ITS,OU=TIER 2,DC=TESTLAB,DC=LOCAL","domainsid":"S-1-5-21-310297039-926078081-3899681978","highvalue":false,"haslaps":false,"description":"Created with secframe.com/badblood.","whencreated":1654251603,"enabled":true,"unconstraineddelegation":false,"trustedtoauth":false,"lastlogon":0,"lastlogontimestamp":-1,"pwdlastset":1654244403,"serviceprincipalnames":[],"operatingsystem":null,"sidhistory":[]}},{"PrimaryGroupSID":"S-1-5-21-310297039-926078081-3899681978-515","AllowedToDelegate":[],"AllowedToAct":[],"HasSIDHistory":[],"Sessions":{"Results":[],"Collected":false,"FailureReason":null},"PrivilegedSessions":{"Results":[],"Collected":false,"FailureReason":null},"RegistrySessions":{"Results":[],"Collected":false,"FailureReason":null},"LocalAdmins":{"Results":[],"Collected":false,"FailureReason":null},"RemoteDesktopUsers":{"Results":[],"Collected":false,"FailureReason":null},"DcomUsers":{"Results":[],"Collected":false,"FailureReason":null},"PSRemoteUsers":{"Results":[],"Collected":false,"FailureReason":null},"Status":null,"Aces":[{"PrincipalSID":"S-1-5-21-310297039-926078081-3899681978-512","PrincipalType":"Group","RightName":"Owns","IsInherited":false},{"PrincipalSID":"TESTLAB.LOCAL-S-1-5-32-548","PrincipalType":"Group","RightName":"GenericAll","IsInherited":false},{"PrincipalSID":"S-1-5-21-310297039-926078081-3899681978-512","PrincipalType":"Group","RightName":"GenericAll","IsInherited":false},{"PrincipalSID":"S-1-5-21-310297039-926078081-3899681978-526","PrincipalType":"Group","RightName":"AddKeyCredentialLink","IsInherited":true},{"PrincipalSID":"S-1-5-21-310297039-926078081-3899681978-527","PrincipalType":"Group","RightName":"AddKeyCredentialLink","IsInherited":true},{"PrincipalSID":"S-1-5-21-310297039-926078081-3899681978-1216","PrincipalType":"User","RightName":"GenericAll","IsInherited":true},{"PrincipalSID":"S-1-5-21-310297039-926078081-3899681978-519","PrincipalType":"Group","RightName":"GenericAll","IsInherited":true},{"PrincipalSID":"S-1-5-21-310297039-926078081-3899681978-2250","PrincipalType":"Computer","RightName":"GenericAll","IsInherited":true},{"PrincipalSID":"S-1-5-21-310297039-926078081-3899681978-2257","PrincipalType":"Computer","RightName":"GenericAll","IsInherited":true},{"PrincipalSID":"TESTLAB.LOCAL-S-1-5-32-544","PrincipalType":"Group","RightName":"WriteDacl","IsInherited":true},{"PrincipalSID":"TESTLAB.LOCAL-S-1-5-32-544","PrincipalType":"Group","RightName":"WriteOwner","IsInherited":true},{"PrincipalSID":"TESTLAB.LOCAL-S-1-5-32-544","PrincipalType":"Group","RightName":"GenericWrite","IsInherited":true}],"ObjectIdentifier":"S-1-5-21-310297039-926078081-3899681978-2247","IsDeleted":false,"IsACLProtected":false,"Properties":{"domain":"TESTLAB.LOCAL","name":"BDEWWEBS1000000.TESTLAB.LOCAL","distinguishedname":"CN=BDEWWEBS1000000,OU=DEPROVISIONED,OU=PEOPLE,DC=TESTLAB,DC=LOCAL","domainsid":"S-1-5-21-310297039-926078081-3899681978","highvalue":false,"haslaps":false,"description":"Created with secframe.com/badblood.","whencreated":1654251603,"enabled":true,"unconstraineddelegation":false,"trustedtoauth":false,"lastlogon":0,"lastlogontimestamp":-1,"pwdlastset":1654244403,"serviceprincipalnames":[],"operatingsystem":null,"sidhistory":[]}},{"PrimaryGroupSID":"S-1-5-21-310297039-926078081-3899681978-515","AllowedToDelegate":[],"AllowedToAct":[],"HasSIDHistory":[],"Sessions":{"Results":[],"Collected":false,"FailureReason":null},"PrivilegedSessions":{"Results":[],"Collected":false,"FailureReason":null},"RegistrySessions":{"Results":[],"Collected":false,"FailureReason":null},"LocalAdmins":{"Results":[],"Collected":false,"FailureReason":null},"RemoteDesktopUsers":{"Results":[],"Collected":false,"FailureReason":null},"DcomUsers":{"Results":[],"Collected":false,"FailureReason":null},"PSRemoteUsers":{"Results":[],"Collected":false,"FailureReason":null},"Status":null,"Aces":[{"PrincipalSID":"S-1-5-21-310297039-926078081-3899681978-512","PrincipalType":"Group","RightName":"Owns","IsInherited":false},{"PrincipalSID":"TESTLAB.LOCAL-S-1-5-32-548","PrincipalType":"Group","RightName":"GenericAll","IsInherited":false},{"PrincipalSID":"S-1-5-21-310297039-926078081-3899681978-512","PrincipalType":"Group","RightName":"GenericAll","IsInherited":false},{"PrincipalSID":"S-1-5-21-310297039-926078081-3899681978-2256","PrincipalType":"Computer","RightName":"GenericAll","IsInherited":true},{"PrincipalSID":"S-1-5-21-310297039-926078081-3899681978-526","PrincipalType":"Group","RightName":"AddKeyCredentialLink","IsInherited":true},{"PrincipalSID":"S-1-5-21-310297039-926078081-3899681978-527","PrincipalType":"Group","RightName":"AddKeyCredentialLink","IsInherited":true},{"PrincipalSID":"S-1-5-21-310297039-926078081-3899681978-1216","PrincipalType":"User","RightName":"GenericAll","IsInherited":true},{"PrincipalSID":"S-1-5-21-310297039-926078081-3899681978-519","PrincipalType":"Group","RightName":"GenericAll","IsInherited":true},{"PrincipalSID":"S-1-5-21-310297039-926078081-3899681978-2250","PrincipalType":"Computer","RightName":"GenericAll","IsInherited":true},{"PrincipalSID":"S-1-5-21-310297039-926078081-3899681978-2257","PrincipalType":"Computer","RightName":"GenericAll","IsInherited":true},{"PrincipalSID":"TESTLAB.LOCAL-S-1-5-32-544","PrincipalType":"Group","RightName":"WriteDacl","IsInherited":true},{"PrincipalSID":"TESTLAB.LOCAL-S-1-5-32-544","PrincipalType":"Group","RightName":"WriteOwner","IsInherited":true},{"PrincipalSID":"TESTLAB.LOCAL-S-1-5-32-544","PrincipalType":"Group","RightName":"GenericWrite","IsInherited":true}],"ObjectIdentifier":"S-1-5-21-310297039-926078081-3899681978-2248","IsDeleted":false,"IsACLProtected":false,"Properties":{"domain":"TESTLAB.LOCAL","name":"FSRWCTRX1000000.TESTLAB.LOCAL","distinguishedname":"CN=FSRWCTRX1000000,OU=T0-ROLES,OU=TIER 0,OU=ADMIN,DC=TESTLAB,DC=LOCAL","domainsid":"S-1-5-21-310297039-926078081-3899681978","highvalue":false,"haslaps":false,"description":"Created with secframe.com/badblood.","whencreated":1654251604,"enabled":true,"unconstraineddelegation":false,"trustedtoauth":false,"lastlogon":0,"lastlogontimestamp":-1,"pwdlastset":1654244404,"serviceprincipalnames":[],"operatingsystem":null,"sidhistory":[]}},{"PrimaryGroupSID":"S-1-5-21-310297039-926078081-3899681978-515","AllowedToDelegate":[],"AllowedToAct":[],"HasSIDHistory":[],"Sessions":{"Results":[],"Collected":false,"FailureReason":null},"PrivilegedSessions":{"Results":[],"Collected":false,"FailureReason":null},"RegistrySessions":{"Results":[],"Collected":false,"FailureReason":null},"LocalAdmins":{"Results":[],"Collected":false,"FailureReason":null},"RemoteDesktopUsers":{"Results":[],"Collected":false,"FailureReason":null},"DcomUsers":{"Results":[],"Collected":false,"FailureReason":null},"PSRemoteUsers":{"Results":[],"Collected":false,"FailureReason":null},"Status":null,"Aces":[{"PrincipalSID":"S-1-5-21-310297039-926078081-3899681978-512","PrincipalType":"Group","RightName":"Owns","IsInherited":false},{"PrincipalSID":"TESTLAB.LOCAL-S-1-5-32-548","PrincipalType":"Group","RightName":"GenericAll","IsInherited":false},{"PrincipalSID":"S-1-5-21-310297039-926078081-3899681978-512","PrincipalType":"Group","RightName":"GenericAll","IsInherited":false},{"PrincipalSID":"S-1-5-21-310297039-926078081-3899681978-526","PrincipalType":"Group","RightName":"AddKeyCredentialLink","IsInherited":true},{"PrincipalSID":"S-1-5-21-310297039-926078081-3899681978-527","PrincipalType":"Group","RightName":"AddKeyCredentialLink","IsInherited":true},{"PrincipalSID":"S-1-5-21-310297039-926078081-3899681978-1216","PrincipalType":"User","RightName":"GenericAll","IsInherited":true},{"PrincipalSID":"S-1-5-21-310297039-926078081-3899681978-519","PrincipalType":"Group","RightName":"GenericAll","IsInherited":true},{"PrincipalSID":"S-1-5-21-310297039-926078081-3899681978-2250","PrincipalType":"Computer","RightName":"GenericAll","IsInherited":true},{"PrincipalSID":"S-1-5-21-310297039-926078081-3899681978-2257","PrincipalType":"Computer","RightName":"GenericAll","IsInherited":true},{"PrincipalSID":"TESTLAB.LOCAL-S-1-5-32-544","PrincipalType":"Group","RightName":"WriteDacl","IsInherited":true},{"PrincipalSID":"TESTLAB.LOCAL-S-1-5-32-544","PrincipalType":"Group","RightName":"WriteOwner","IsInherited":true},{"PrincipalSID":"TESTLAB.LOCAL-S-1-5-32-544","PrincipalType":"Group","RightName":"GenericWrite","IsInherited":true}],"ObjectIdentifier":"S-1-5-21-310297039-926078081-3899681978-2249","IsDeleted":false,"IsACLProtected":false,"Properties":{"domain":"TESTLAB.LOCAL","name":"BDEPC1000000.TESTLAB.LOCAL","distinguishedname":"CN=BDEPC1000000,OU=GROUPER-GROUPS,DC=TESTLAB,DC=LOCAL","domainsid":"S-1-5-21-310297039-926078081-3899681978","highvalue":false,"haslaps":false,"description":"Created with secframe.com/badblood.","whencreated":1654251604,"enabled":true,"unconstraineddelegation":false,"trustedtoauth":false,"lastlogon":0,"lastlogontimestamp":-1,"pwdlastset":1654244404,"serviceprincipalnames":[],"operatingsystem":null,"sidhistory":[]}},{"PrimaryGroupSID":"S-1-5-21-310297039-926078081-3899681978-515","AllowedToDelegate":[],"AllowedToAct":[],"HasSIDHistory":[],"Sessions":{"Results":[],"Collected":false,"FailureReason":null},"PrivilegedSessions":{"Results":[],"Collected":false,"FailureReason":null},"RegistrySessions":{"Results":[],"Collected":false,"FailureReason":null},"LocalAdmins":{"Results":[],"Collected":false,"FailureReason":null},"RemoteDesktopUsers":{"Results":[],"Collected":false,"FailureReason":null},"DcomUsers":{"Results":[],"Collected":false,"FailureReason":null},"PSRemoteUsers":{"Results":[],"Collected":false,"FailureReason":null},"Status":null,"Aces":[{"PrincipalSID":"S-1-5-21-310297039-926078081-3899681978-512","PrincipalType":"Group","RightName":"Owns","IsInherited":false},{"PrincipalSID":"TESTLAB.LOCAL-S-1-5-32-548","PrincipalType":"Group","RightName":"GenericAll","IsInherited":false},{"PrincipalSID":"S-1-5-21-310297039-926078081-3899681978-512","PrincipalType":"Group","RightName":"GenericAll","IsInherited":false},{"PrincipalSID":"S-1-5-21-310297039-926078081-3899681978-526","PrincipalType":"Group","RightName":"AddKeyCredentialLink","IsInherited":true},{"PrincipalSID":"S-1-5-21-310297039-926078081-3899681978-527","PrincipalType":"Group","RightName":"AddKeyCredentialLink","IsInherited":true},{"PrincipalSID":"S-1-5-21-310297039-926078081-3899681978-1216","PrincipalType":"User","RightName":"GenericAll","IsInherited":true},{"PrincipalSID":"S-1-5-21-310297039-926078081-3899681978-519","PrincipalType":"Group","RightName":"GenericAll","IsInherited":true},{"PrincipalSID":"S-1-5-21-310297039-926078081-3899681978-2250","PrincipalType":"Computer","RightName":"GenericAll","IsInherited":true},{"PrincipalSID":"S-1-5-21-310297039-926078081-3899681978-2257","PrincipalType":"Computer","RightName":"GenericAll","IsInherited":true},{"PrincipalSID":"TESTLAB.LOCAL-S-1-5-32-544","PrincipalType":"Group","RightName":"WriteDacl","IsInherited":true},{"PrincipalSID":"TESTLAB.LOCAL-S-1-5-32-544","PrincipalType":"Group","RightName":"WriteOwner","IsInherited":true},{"PrincipalSID":"TESTLAB.LOCAL-S-1-5-32-544","PrincipalType":"Group","RightName":"GenericWrite","IsInherited":true}],"ObjectIdentifier":"S-1-5-21-310297039-926078081-3899681978-2251","IsDeleted":false,"IsACLProtected":false,"Properties":{"domain":"TESTLAB.LOCAL","name":"AZRWAPPS1000000.TESTLAB.LOCAL","distinguishedname":"CN=AZRWAPPS1000000,OU=TEST,OU=BDE,OU=TIER 1,DC=TESTLAB,DC=LOCAL","domainsid":"S-1-5-21-310297039-926078081-3899681978","highvalue":false,"haslaps":false,"description":"Created with secframe.com/badblood.","whencreated":1654251605,"enabled":true,"unconstraineddelegation":false,"trustedtoauth":false,"lastlogon":0,"lastlogontimestamp":-1,"pwdlastset":1654244405,"serviceprincipalnames":[],"operatingsystem":null,"sidhistory":[]}},{"PrimaryGroupSID":"S-1-5-21-310297039-926078081-3899681978-515","AllowedToDelegate":[],"AllowedToAct":[],"HasSIDHistory":[],"Sessions":{"Results":[],"Collected":false,"FailureReason":null},"PrivilegedSessions":{"Results":[],"Collected":false,"FailureReason":null},"RegistrySessions":{"Results":[],"Collected":false,"FailureReason":null},"LocalAdmins":{"Results":[],"Collected":false,"FailureReason":null},"RemoteDesktopUsers":{"Results":[],"Collected":false,"FailureReason":null},"DcomUsers":{"Results":[],"Collected":false,"FailureReason":null},"PSRemoteUsers":{"Results":[],"Collected":false,"FailureReason":null},"Status":null,"Aces":[{"PrincipalSID":"S-1-5-21-310297039-926078081-3899681978-512","PrincipalType":"Group","RightName":"Owns","IsInherited":false},{"PrincipalSID":"TESTLAB.LOCAL-S-1-5-32-548","PrincipalType":"Group","RightName":"GenericAll","IsInherited":false},{"PrincipalSID":"S-1-5-21-310297039-926078081-3899681978-512","PrincipalType":"Group","RightName":"GenericAll","IsInherited":false},{"PrincipalSID":"S-1-5-21-310297039-926078081-3899681978-526","PrincipalType":"Group","RightName":"AddKeyCredentialLink","IsInherited":true},{"PrincipalSID":"S-1-5-21-310297039-926078081-3899681978-527","PrincipalType":"Group","RightName":"AddKeyCredentialLink","IsInherited":true},{"PrincipalSID":"S-1-5-21-310297039-926078081-3899681978-1216","PrincipalType":"User","RightName":"GenericAll","IsInherited":true},{"PrincipalSID":"S-1-5-21-310297039-926078081-3899681978-519","PrincipalType":"Group","RightName":"GenericAll","IsInherited":true},{"PrincipalSID":"S-1-5-21-310297039-926078081-3899681978-2250","PrincipalType":"Computer","RightName":"GenericAll","IsInherited":true},{"PrincipalSID":"S-1-5-21-310297039-926078081-3899681978-2257","PrincipalType":"Computer","RightName":"GenericAll","IsInherited":true},{"PrincipalSID":"TESTLAB.LOCAL-S-1-5-32-544","PrincipalType":"Group","RightName":"WriteDacl","IsInherited":true},{"PrincipalSID":"TESTLAB.LOCAL-S-1-5-32-544","PrincipalType":"Group","RightName":"WriteOwner","IsInherited":true},{"PrincipalSID":"TESTLAB.LOCAL-S-1-5-32-544","PrincipalType":"Group","RightName":"GenericWrite","IsInherited":true}],"ObjectIdentifier":"S-1-5-21-310297039-926078081-3899681978-2252","IsDeleted":false,"IsACLProtected":false,"Properties":{"domain":"TESTLAB.LOCAL","name":"ITSWSECS1000000.TESTLAB.LOCAL","distinguishedname":"CN=ITSWSECS1000000,OU=GROUPER-GROUPS,DC=TESTLAB,DC=LOCAL","domainsid":"S-1-5-21-310297039-926078081-3899681978","highvalue":false,"haslaps":false,"description":"Created with secframe.com/badblood.","whencreated":1654251606,"enabled":true,"unconstraineddelegation":false,"trustedtoauth":false,"lastlogon":0,"lastlogontimestamp":-1,"pwdlastset":1654244406,"serviceprincipalnames":[],"operatingsystem":null,"sidhistory":[]}},{"PrimaryGroupSID":"S-1-5-21-310297039-926078081-3899681978-515","AllowedToDelegate":[],"AllowedToAct":[],"HasSIDHistory":[],"Sessions":{"Results":[],"Collected":false,"FailureReason":null},"PrivilegedSessions":{"Results":[],"Collected":false,"FailureReason":null},"RegistrySessions":{"Results":[],"Collected":false,"FailureReason":null},"LocalAdmins":{"Results":[],"Collected":false,"FailureReason":null},"RemoteDesktopUsers":{"Results":[],"Collected":false,"FailureReason":null},"DcomUsers":{"Results":[],"Collected":false,"FailureReason":null},"PSRemoteUsers":{"Results":[],"Collected":false,"FailureReason":null},"Status":null,"Aces":[{"PrincipalSID":"S-1-5-21-310297039-926078081-3899681978-512","PrincipalType":"Group","RightName":"Owns","IsInherited":false},{"PrincipalSID":"TESTLAB.LOCAL-S-1-5-32-548","PrincipalType":"Group","RightName":"GenericAll","IsInherited":false},{"PrincipalSID":"S-1-5-21-310297039-926078081-3899681978-512","PrincipalType":"Group","RightName":"GenericAll","IsInherited":false},{"PrincipalSID":"S-1-5-21-310297039-926078081-3899681978-526","PrincipalType":"Group","RightName":"AddKeyCredentialLink","IsInherited":true},{"PrincipalSID":"S-1-5-21-310297039-926078081-3899681978-527","PrincipalType":"Group","RightName":"AddKeyCredentialLink","IsInherited":true},{"PrincipalSID":"S-1-5-21-310297039-926078081-3899681978-1216","PrincipalType":"User","RightName":"GenericAll","IsInherited":true},{"PrincipalSID":"S-1-5-21-310297039-926078081-3899681978-519","PrincipalType":"Group","RightName":"GenericAll","IsInherited":true},{"PrincipalSID":"S-1-5-21-310297039-926078081-3899681978-2250","PrincipalType":"Computer","RightName":"GenericAll","IsInherited":true},{"PrincipalSID":"S-1-5-21-310297039-926078081-3899681978-2257","PrincipalType":"Computer","RightName":"GenericAll","IsInherited":true},{"PrincipalSID":"TESTLAB.LOCAL-S-1-5-32-544","PrincipalType":"Group","RightName":"WriteDacl","IsInherited":true},{"PrincipalSID":"TESTLAB.LOCAL-S-1-5-32-544","PrincipalType":"Group","RightName":"WriteOwner","IsInherited":true},{"PrincipalSID":"TESTLAB.LOCAL-S-1-5-32-544","PrincipalType":"Group","RightName":"GenericWrite","IsInherited":true}],"ObjectIdentifier":"S-1-5-21-310297039-926078081-3899681978-2253","IsDeleted":false,"IsACLProtected":false,"Properties":{"domain":"TESTLAB.LOCAL","name":"AWSVIRT1000000.TESTLAB.LOCAL","distinguishedname":"CN=AWSVIRT1000000,OU=FIN,OU=TIER 1,DC=TESTLAB,DC=LOCAL","domainsid":"S-1-5-21-310297039-926078081-3899681978","highvalue":false,"haslaps":false,"description":"Created with secframe.com/badblood.","whencreated":1654251606,"enabled":true,"unconstraineddelegation":false,"trustedtoauth":false,"lastlogon":0,"lastlogontimestamp":-1,"pwdlastset":1654244406,"serviceprincipalnames":[],"operatingsystem":null,"sidhistory":[]}},{"PrimaryGroupSID":"S-1-5-21-310297039-926078081-3899681978-515","AllowedToDelegate":[],"AllowedToAct":[],"HasSIDHistory":[],"Sessions":{"Results":[],"Collected":false,"FailureReason":null},"PrivilegedSessions":{"Results":[],"Collected":false,"FailureReason":null},"RegistrySessions":{"Results":[],"Collected":false,"FailureReason":null},"LocalAdmins":{"Results":[],"Collected":false,"FailureReason":null},"RemoteDesktopUsers":{"Results":[],"Collected":false,"FailureReason":null},"DcomUsers":{"Results":[],"Collected":false,"FailureReason":null},"PSRemoteUsers":{"Results":[],"Collected":false,"FailureReason":null},"Status":null,"Aces":[{"PrincipalSID":"S-1-5-21-310297039-926078081-3899681978-512","PrincipalType":"Group","RightName":"Owns","IsInherited":false},{"PrincipalSID":"TESTLAB.LOCAL-S-1-5-32-548","PrincipalType":"Group","RightName":"GenericAll","IsInherited":false},{"PrincipalSID":"S-1-5-21-310297039-926078081-3899681978-512","PrincipalType":"Group","RightName":"GenericAll","IsInherited":false},{"PrincipalSID":"S-1-5-21-310297039-926078081-3899681978-2252","PrincipalType":"Computer","RightName":"GenericAll","IsInherited":true},{"PrincipalSID":"S-1-5-21-310297039-926078081-3899681978-2248","PrincipalType":"Computer","RightName":"GenericAll","IsInherited":true},{"PrincipalSID":"S-1-5-21-310297039-926078081-3899681978-2249","PrincipalType":"Computer","RightName":"GenericAll","IsInherited":true},{"PrincipalSID":"S-1-5-21-310297039-926078081-3899681978-1577","PrincipalType":"User","RightName":"GenericAll","IsInherited":true},{"PrincipalSID":"S-1-5-21-310297039-926078081-3899681978-526","PrincipalType":"Group","RightName":"AddKeyCredentialLink","IsInherited":true},{"PrincipalSID":"S-1-5-21-310297039-926078081-3899681978-527","PrincipalType":"Group","RightName":"AddKeyCredentialLink","IsInherited":true},{"PrincipalSID":"S-1-5-21-310297039-926078081-3899681978-1216","PrincipalType":"User","RightName":"GenericAll","IsInherited":true},{"PrincipalSID":"S-1-5-21-310297039-926078081-3899681978-519","PrincipalType":"Group","RightName":"GenericAll","IsInherited":true},{"PrincipalSID":"S-1-5-21-310297039-926078081-3899681978-2250","PrincipalType":"Computer","RightName":"GenericAll","IsInherited":true},{"PrincipalSID":"S-1-5-21-310297039-926078081-3899681978-2257","PrincipalType":"Computer","RightName":"GenericAll","IsInherited":true},{"PrincipalSID":"TESTLAB.LOCAL-S-1-5-32-544","PrincipalType":"Group","RightName":"WriteDacl","IsInherited":true},{"PrincipalSID":"TESTLAB.LOCAL-S-1-5-32-544","PrincipalType":"Group","RightName":"WriteOwner","IsInherited":true},{"PrincipalSID":"TESTLAB.LOCAL-S-1-5-32-544","PrincipalType":"Group","RightName":"GenericWrite","IsInherited":true}],"ObjectIdentifier":"S-1-5-21-310297039-926078081-3899681978-2254","IsDeleted":false,"IsACLProtected":false,"Properties":{"domain":"TESTLAB.LOCAL","name":"AZRPC1000000.TESTLAB.LOCAL","distinguishedname":"CN=AZRPC1000000,OU=TEST,OU=FSR,OU=STAGE,DC=TESTLAB,DC=LOCAL","domainsid":"S-1-5-21-310297039-926078081-3899681978","highvalue":false,"haslaps":false,"description":"Created with secframe.com/badblood.","whencreated":1654251607,"enabled":true,"unconstraineddelegation":false,"trustedtoauth":false,"lastlogon":0,"lastlogontimestamp":-1,"pwdlastset":1654244407,"serviceprincipalnames":[],"operatingsystem":null,"sidhistory":[]}},{"PrimaryGroupSID":"S-1-5-21-310297039-926078081-3899681978-515","AllowedToDelegate":[],"AllowedToAct":[],"HasSIDHistory":[],"Sessions":{"Results":[],"Collected":false,"FailureReason":null},"PrivilegedSessions":{"Results":[],"Collected":false,"FailureReason":null},"RegistrySessions":{"Results":[],"Collected":false,"FailureReason":null},"LocalAdmins":{"Results":[],"Collected":false,"FailureReason":null},"RemoteDesktopUsers":{"Results":[],"Collected":false,"FailureReason":null},"DcomUsers":{"Results":[],"Collected":false,"FailureReason":null},"PSRemoteUsers":{"Results":[],"Collected":false,"FailureReason":null},"Status":null,"Aces":[{"PrincipalSID":"S-1-5-21-310297039-926078081-3899681978-512","PrincipalType":"Group","RightName":"Owns","IsInherited":false},{"PrincipalSID":"TESTLAB.LOCAL-S-1-5-32-548","PrincipalType":"Group","RightName":"GenericAll","IsInherited":false},{"PrincipalSID":"S-1-5-21-310297039-926078081-3899681978-512","PrincipalType":"Group","RightName":"GenericAll","IsInherited":false},{"PrincipalSID":"S-1-5-21-310297039-926078081-3899681978-1577","PrincipalType":"User","RightName":"GenericAll","IsInherited":true},{"PrincipalSID":"S-1-5-21-310297039-926078081-3899681978-526","PrincipalType":"Group","RightName":"AddKeyCredentialLink","IsInherited":true},{"PrincipalSID":"S-1-5-21-310297039-926078081-3899681978-527","PrincipalType":"Group","RightName":"AddKeyCredentialLink","IsInherited":true},{"PrincipalSID":"S-1-5-21-310297039-926078081-3899681978-1216","PrincipalType":"User","RightName":"GenericAll","IsInherited":true},{"PrincipalSID":"S-1-5-21-310297039-926078081-3899681978-519","PrincipalType":"Group","RightName":"GenericAll","IsInherited":true},{"PrincipalSID":"S-1-5-21-310297039-926078081-3899681978-2250","PrincipalType":"Computer","RightName":"GenericAll","IsInherited":true},{"PrincipalSID":"S-1-5-21-310297039-926078081-3899681978-2257","PrincipalType":"Computer","RightName":"GenericAll","IsInherited":true},{"PrincipalSID":"TESTLAB.LOCAL-S-1-5-32-544","PrincipalType":"Group","RightName":"WriteDacl","IsInherited":true},{"PrincipalSID":"TESTLAB.LOCAL-S-1-5-32-544","PrincipalType":"Group","RightName":"WriteOwner","IsInherited":true},{"PrincipalSID":"TESTLAB.LOCAL-S-1-5-32-544","PrincipalType":"Group","RightName":"GenericWrite","IsInherited":true}],"ObjectIdentifier":"S-1-5-21-310297039-926078081-3899681978-2255","IsDeleted":false,"IsACLProtected":false,"Properties":{"domain":"TESTLAB.LOCAL","name":"BDEWCTRX1000001.TESTLAB.LOCAL","distinguishedname":"CN=BDEWCTRX1000001,OU=AZR,OU=STAGE,DC=TESTLAB,DC=LOCAL","domainsid":"S-1-5-21-310297039-926078081-3899681978","highvalue":false,"haslaps":false,"description":"Created with secframe.com/badblood.","whencreated":1654251607,"enabled":true,"unconstraineddelegation":false,"trustedtoauth":false,"lastlogon":0,"lastlogontimestamp":-1,"pwdlastset":1654244407,"serviceprincipalnames":["HOST/BDEWCTRX1000001"],"operatingsystem":null,"sidhistory":[]}},{"PrimaryGroupSID":"S-1-5-21-310297039-926078081-3899681978-515","AllowedToDelegate":[],"AllowedToAct":[],"HasSIDHistory":[],"Sessions":{"Results":[],"Collected":false,"FailureReason":null},"PrivilegedSessions":{"Results":[],"Collected":false,"FailureReason":null},"RegistrySessions":{"Results":[],"Collected":false,"FailureReason":null},"LocalAdmins":{"Results":[],"Collected":false,"FailureReason":null},"RemoteDesktopUsers":{"Results":[],"Collected":false,"FailureReason":null},"DcomUsers":{"Results":[],"Collected":false,"FailureReason":null},"PSRemoteUsers":{"Results":[],"Collected":false,"FailureReason":null},"Status":null,"Aces":[{"PrincipalSID":"S-1-5-21-310297039-926078081-3899681978-512","PrincipalType":"Group","RightName":"Owns","IsInherited":false},{"PrincipalSID":"TESTLAB.LOCAL-S-1-5-32-548","PrincipalType":"Group","RightName":"GenericAll","IsInherited":false},{"PrincipalSID":"S-1-5-21-310297039-926078081-3899681978-512","PrincipalType":"Group","RightName":"GenericAll","IsInherited":false},{"PrincipalSID":"S-1-5-21-310297039-926078081-3899681978-1577","PrincipalType":"User","RightName":"GenericAll","IsInherited":true},{"PrincipalSID":"S-1-5-21-310297039-926078081-3899681978-526","PrincipalType":"Group","RightName":"AddKeyCredentialLink","IsInherited":true},{"PrincipalSID":"S-1-5-21-310297039-926078081-3899681978-527","PrincipalType":"Group","RightName":"AddKeyCredentialLink","IsInherited":true},{"PrincipalSID":"S-1-5-21-310297039-926078081-3899681978-1216","PrincipalType":"User","RightName":"GenericAll","IsInherited":true},{"PrincipalSID":"S-1-5-21-310297039-926078081-3899681978-519","PrincipalType":"Group","RightName":"GenericAll","IsInherited":true},{"PrincipalSID":"S-1-5-21-310297039-926078081-3899681978-2250","PrincipalType":"Computer","RightName":"GenericAll","IsInherited":true},{"PrincipalSID":"S-1-5-21-310297039-926078081-3899681978-2257","PrincipalType":"Computer","RightName":"GenericAll","IsInherited":true},{"PrincipalSID":"TESTLAB.LOCAL-S-1-5-32-544","PrincipalType":"Group","RightName":"WriteDacl","IsInherited":true},{"PrincipalSID":"TESTLAB.LOCAL-S-1-5-32-544","PrincipalType":"Group","RightName":"WriteOwner","IsInherited":true},{"PrincipalSID":"TESTLAB.LOCAL-S-1-5-32-544","PrincipalType":"Group","RightName":"GenericWrite","IsInherited":true}],"ObjectIdentifier":"S-1-5-21-310297039-926078081-3899681978-2256","IsDeleted":false,"IsACLProtected":false,"Properties":{"domain":"TESTLAB.LOCAL","name":"BDEWAPPS1000000.TESTLAB.LOCAL","distinguishedname":"CN=BDEWAPPS1000000,OU=SERVICEACCOUNTS,OU=SEC,OU=STAGE,DC=TESTLAB,DC=LOCAL","domainsid":"S-1-5-21-310297039-926078081-3899681978","highvalue":false,"haslaps":false,"description":"Created with secframe.com/badblood.","whencreated":1654251608,"enabled":true,"unconstraineddelegation":false,"trustedtoauth":false,"lastlogon":0,"lastlogontimestamp":-1,"pwdlastset":1654244408,"serviceprincipalnames":[],"operatingsystem":null,"sidhistory":[]}},{"PrimaryGroupSID":"S-1-5-21-310297039-926078081-3899681978-515","AllowedToDelegate":[],"AllowedToAct":[],"HasSIDHistory":[],"Sessions":{"Results":[],"Collected":false,"FailureReason":null},"PrivilegedSessions":{"Results":[],"Collected":false,"FailureReason":null},"RegistrySessions":{"Results":[],"Collected":false,"FailureReason":null},"LocalAdmins":{"Results":[],"Collected":false,"FailureReason":null},"RemoteDesktopUsers":{"Results":[],"Collected":false,"FailureReason":null},"DcomUsers":{"Results":[],"Collected":false,"FailureReason":null},"PSRemoteUsers":{"Results":[],"Collected":false,"FailureReason":null},"Status":null,"Aces":[{"PrincipalSID":"S-1-5-21-310297039-926078081-3899681978-512","PrincipalType":"Group","RightName":"Owns","IsInherited":false},{"PrincipalSID":"TESTLAB.LOCAL-S-1-5-32-548","PrincipalType":"Group","RightName":"GenericAll","IsInherited":false},{"PrincipalSID":"S-1-5-21-310297039-926078081-3899681978-512","PrincipalType":"Group","RightName":"GenericAll","IsInherited":false},{"PrincipalSID":"S-1-5-21-310297039-926078081-3899681978-1577","PrincipalType":"User","RightName":"GenericAll","IsInherited":true},{"PrincipalSID":"S-1-5-21-310297039-926078081-3899681978-526","PrincipalType":"Group","RightName":"AddKeyCredentialLink","IsInherited":true},{"PrincipalSID":"S-1-5-21-310297039-926078081-3899681978-527","PrincipalType":"Group","RightName":"AddKeyCredentialLink","IsInherited":true},{"PrincipalSID":"S-1-5-21-310297039-926078081-3899681978-1216","PrincipalType":"User","RightName":"GenericAll","IsInherited":true},{"PrincipalSID":"S-1-5-21-310297039-926078081-3899681978-519","PrincipalType":"Group","RightName":"GenericAll","IsInherited":true},{"PrincipalSID":"S-1-5-21-310297039-926078081-3899681978-2250","PrincipalType":"Computer","RightName":"GenericAll","IsInherited":true},{"PrincipalSID":"S-1-5-21-310297039-926078081-3899681978-2257","PrincipalType":"Computer","RightName":"GenericAll","IsInherited":true},{"PrincipalSID":"TESTLAB.LOCAL-S-1-5-32-544","PrincipalType":"Group","RightName":"WriteDacl","IsInherited":true},{"PrincipalSID":"TESTLAB.LOCAL-S-1-5-32-544","PrincipalType":"Group","RightName":"WriteOwner","IsInherited":true},{"PrincipalSID":"TESTLAB.LOCAL-S-1-5-32-544","PrincipalType":"Group","RightName":"GenericWrite","IsInherited":true}],"ObjectIdentifier":"S-1-5-21-310297039-926078081-3899681978-2257","IsDeleted":false,"IsACLProtected":false,"Properties":{"domain":"TESTLAB.LOCAL","name":"ITSLAP1000000.TESTLAB.LOCAL","distinguishedname":"CN=ITSLAP1000000,OU=DEVICES,OU=OGC,OU=STAGE,DC=TESTLAB,DC=LOCAL","domainsid":"S-1-5-21-310297039-926078081-3899681978","highvalue":false,"haslaps":false,"description":"Created with secframe.com/badblood.","whencreated":1654251608,"enabled":true,"unconstraineddelegation":false,"trustedtoauth":false,"lastlogon":0,"lastlogontimestamp":-1,"pwdlastset":1654244408,"serviceprincipalnames":[],"operatingsystem":null,"sidhistory":[]}},{"PrimaryGroupSID":"S-1-5-21-310297039-926078081-3899681978-515","AllowedToDelegate":[],"AllowedToAct":[],"HasSIDHistory":[],"Sessions":{"Results":[],"Collected":false,"FailureReason":null},"PrivilegedSessions":{"Results":[],"Collected":false,"FailureReason":null},"RegistrySessions":{"Results":[],"Collected":false,"FailureReason":null},"LocalAdmins":{"Results":[],"Collected":false,"FailureReason":null},"RemoteDesktopUsers":{"Results":[],"Collected":false,"FailureReason":null},"DcomUsers":{"Results":[],"Collected":false,"FailureReason":null},"PSRemoteUsers":{"Results":[],"Collected":false,"FailureReason":null},"Status":null,"Aces":[{"PrincipalSID":"S-1-5-21-310297039-926078081-3899681978-512","PrincipalType":"Group","RightName":"Owns","IsInherited":false},{"PrincipalSID":"TESTLAB.LOCAL-S-1-5-32-548","PrincipalType":"Group","RightName":"GenericAll","IsInherited":false},{"PrincipalSID":"S-1-5-21-310297039-926078081-3899681978-512","PrincipalType":"Group","RightName":"GenericAll","IsInherited":false},{"PrincipalSID":"S-1-5-21-310297039-926078081-3899681978-2106","PrincipalType":"Group","RightName":"GenericAll","IsInherited":true},{"PrincipalSID":"S-1-5-21-310297039-926078081-3899681978-2253","PrincipalType":"Computer","RightName":"GenericAll","IsInherited":true},{"PrincipalSID":"S-1-5-21-310297039-926078081-3899681978-526","PrincipalType":"Group","RightName":"AddKeyCredentialLink","IsInherited":true},{"PrincipalSID":"S-1-5-21-310297039-926078081-3899681978-527","PrincipalType":"Group","RightName":"AddKeyCredentialLink","IsInherited":true},{"PrincipalSID":"S-1-5-21-310297039-926078081-3899681978-1216","PrincipalType":"User","RightName":"GenericAll","IsInherited":true},{"PrincipalSID":"S-1-5-21-310297039-926078081-3899681978-519","PrincipalType":"Group","RightName":"GenericAll","IsInherited":true},{"PrincipalSID":"S-1-5-21-310297039-926078081-3899681978-2250","PrincipalType":"Computer","RightName":"GenericAll","IsInherited":true},{"PrincipalSID":"S-1-5-21-310297039-926078081-3899681978-2257","PrincipalType":"Computer","RightName":"GenericAll","IsInherited":true},{"PrincipalSID":"TESTLAB.LOCAL-S-1-5-32-544","PrincipalType":"Group","RightName":"WriteDacl","IsInherited":true},{"PrincipalSID":"TESTLAB.LOCAL-S-1-5-32-544","PrincipalType":"Group","RightName":"WriteOwner","IsInherited":true},{"PrincipalSID":"TESTLAB.LOCAL-S-1-5-32-544","PrincipalType":"Group","RightName":"GenericWrite","IsInherited":true}],"ObjectIdentifier":"S-1-5-21-310297039-926078081-3899681978-2258","IsDeleted":false,"IsACLProtected":false,"Properties":{"domain":"TESTLAB.LOCAL","name":"ITSPC1000000.TESTLAB.LOCAL","distinguishedname":"CN=ITSPC1000000,OU=DEVICES,OU=HRE,OU=TIER 2,DC=TESTLAB,DC=LOCAL","domainsid":"S-1-5-21-310297039-926078081-3899681978","highvalue":false,"haslaps":false,"description":"Created with secframe.com/badblood.","whencreated":1654251609,"enabled":true,"unconstraineddelegation":false,"trustedtoauth":false,"lastlogon":0,"lastlogontimestamp":-1,"pwdlastset":1654244409,"serviceprincipalnames":[],"operatingsystem":null,"sidhistory":[]}},{"PrimaryGroupSID":"S-1-5-21-310297039-926078081-3899681978-515","AllowedToDelegate":[],"AllowedToAct":[],"HasSIDHistory":[],"Sessions":{"Results":[],"Collected":false,"FailureReason":null},"PrivilegedSessions":{"Results":[],"Collected":false,"FailureReason":null},"RegistrySessions":{"Results":[],"Collected":false,"FailureReason":null},"LocalAdmins":{"Results":[],"Collected":false,"FailureReason":null},"RemoteDesktopUsers":{"Results":[],"Collected":false,"FailureReason":null},"DcomUsers":{"Results":[],"Collected":false,"FailureReason":null},"PSRemoteUsers":{"Results":[],"Collected":false,"FailureReason":null},"Status":null,"Aces":[{"PrincipalSID":"S-1-5-21-310297039-926078081-3899681978-512","PrincipalType":"Group","RightName":"Owns","IsInherited":false},{"PrincipalSID":"TESTLAB.LOCAL-S-1-5-32-548","PrincipalType":"Group","RightName":"GenericAll","IsInherited":false},{"PrincipalSID":"S-1-5-21-310297039-926078081-3899681978-512","PrincipalType":"Group","RightName":"GenericAll","IsInherited":false},{"PrincipalSID":"S-1-5-21-310297039-926078081-3899681978-2242","PrincipalType":"Computer","RightName":"GenericAll","IsInherited":true},{"PrincipalSID":"S-1-5-21-310297039-926078081-3899681978-2255","PrincipalType":"Computer","RightName":"GenericAll","IsInherited":true},{"PrincipalSID":"S-1-5-21-310297039-926078081-3899681978-1577","PrincipalType":"User","RightName":"GenericAll","IsInherited":true},{"PrincipalSID":"S-1-5-21-310297039-926078081-3899681978-526","PrincipalType":"Group","RightName":"AddKeyCredentialLink","IsInherited":true},{"PrincipalSID":"S-1-5-21-310297039-926078081-3899681978-527","PrincipalType":"Group","RightName":"AddKeyCredentialLink","IsInherited":true},{"PrincipalSID":"S-1-5-21-310297039-926078081-3899681978-1216","PrincipalType":"User","RightName":"GenericAll","IsInherited":true},{"PrincipalSID":"S-1-5-21-310297039-926078081-3899681978-519","PrincipalType":"Group","RightName":"GenericAll","IsInherited":true},{"PrincipalSID":"S-1-5-21-310297039-926078081-3899681978-2250","PrincipalType":"Computer","RightName":"GenericAll","IsInherited":true},{"PrincipalSID":"S-1-5-21-310297039-926078081-3899681978-2257","PrincipalType":"Computer","RightName":"GenericAll","IsInherited":true},{"PrincipalSID":"TESTLAB.LOCAL-S-1-5-32-544","PrincipalType":"Group","RightName":"WriteDacl","IsInherited":true},{"PrincipalSID":"TESTLAB.LOCAL-S-1-5-32-544","PrincipalType":"Group","RightName":"WriteOwner","IsInherited":true},{"PrincipalSID":"TESTLAB.LOCAL-S-1-5-32-544","PrincipalType":"Group","RightName":"GenericWrite","IsInherited":true}],"ObjectIdentifier":"S-1-5-21-310297039-926078081-3899681978-2259","IsDeleted":false,"IsACLProtected":false,"Properties":{"domain":"TESTLAB.LOCAL","name":"BDELAP1000000.TESTLAB.LOCAL","distinguishedname":"CN=BDELAP1000000,OU=TST,OU=STAGE,DC=TESTLAB,DC=LOCAL","domainsid":"S-1-5-21-310297039-926078081-3899681978","highvalue":false,"haslaps":false,"description":"Created with secframe.com/badblood.","whencreated":1654251609,"enabled":true,"unconstraineddelegation":false,"trustedtoauth":false,"lastlogon":0,"lastlogontimestamp":-1,"pwdlastset":1654244409,"serviceprincipalnames":[],"operatingsystem":null,"sidhistory":[]}},{"PrimaryGroupSID":"S-1-5-21-310297039-926078081-3899681978-515","AllowedToDelegate":[],"AllowedToAct":[],"HasSIDHistory":[],"Sessions":{"Results":[],"Collected":false,"FailureReason":null},"PrivilegedSessions":{"Results":[],"Collected":false,"FailureReason":null},"RegistrySessions":{"Results":[],"Collected":false,"FailureReason":null},"LocalAdmins":{"Results":[],"Collected":false,"FailureReason":null},"RemoteDesktopUsers":{"Results":[],"Collected":false,"FailureReason":null},"DcomUsers":{"Results":[],"Collected":false,"FailureReason":null},"PSRemoteUsers":{"Results":[],"Collected":false,"FailureReason":null},"Status":null,"Aces":[{"PrincipalSID":"S-1-5-21-310297039-926078081-3899681978-512","PrincipalType":"Group","RightName":"Owns","IsInherited":false},{"PrincipalSID":"TESTLAB.LOCAL-S-1-5-32-548","PrincipalType":"Group","RightName":"GenericAll","IsInherited":false},{"PrincipalSID":"S-1-5-21-310297039-926078081-3899681978-512","PrincipalType":"Group","RightName":"GenericAll","IsInherited":false},{"PrincipalSID":"S-1-5-21-310297039-926078081-3899681978-2253","PrincipalType":"Computer","RightName":"GenericAll","IsInherited":true},{"PrincipalSID":"S-1-5-21-310297039-926078081-3899681978-526","PrincipalType":"Group","RightName":"AddKeyCredentialLink","IsInherited":true},{"PrincipalSID":"S-1-5-21-310297039-926078081-3899681978-527","PrincipalType":"Group","RightName":"AddKeyCredentialLink","IsInherited":true},{"PrincipalSID":"S-1-5-21-310297039-926078081-3899681978-1216","PrincipalType":"User","RightName":"GenericAll","IsInherited":true},{"PrincipalSID":"S-1-5-21-310297039-926078081-3899681978-519","PrincipalType":"Group","RightName":"GenericAll","IsInherited":true},{"PrincipalSID":"S-1-5-21-310297039-926078081-3899681978-2250","PrincipalType":"Computer","RightName":"GenericAll","IsInherited":true},{"PrincipalSID":"S-1-5-21-310297039-926078081-3899681978-2257","PrincipalType":"Computer","RightName":"GenericAll","IsInherited":true},{"PrincipalSID":"TESTLAB.LOCAL-S-1-5-32-544","PrincipalType":"Group","RightName":"WriteDacl","IsInherited":true},{"PrincipalSID":"TESTLAB.LOCAL-S-1-5-32-544","PrincipalType":"Group","RightName":"WriteOwner","IsInherited":true},{"PrincipalSID":"TESTLAB.LOCAL-S-1-5-32-544","PrincipalType":"Group","RightName":"GenericWrite","IsInherited":true}],"ObjectIdentifier":"S-1-5-21-310297039-926078081-3899681978-2243","IsDeleted":false,"IsACLProtected":false,"Properties":{"domain":"TESTLAB.LOCAL","name":"TSTWDBAS1000000.TESTLAB.LOCAL","distinguishedname":"CN=TSTWDBAS1000000,OU=ITS,OU=TIER 2,DC=TESTLAB,DC=LOCAL","domainsid":"S-1-5-21-310297039-926078081-3899681978","highvalue":false,"haslaps":false,"description":"Created with secframe.com/badblood.","whencreated":1654251601,"enabled":true,"unconstraineddelegation":false,"trustedtoauth":false,"lastlogon":0,"lastlogontimestamp":-1,"pwdlastset":1654244401,"serviceprincipalnames":[],"operatingsystem":null,"sidhistory":[]}},{"PrimaryGroupSID":"S-1-5-21-310297039-926078081-3899681978-515","AllowedToDelegate":[],"AllowedToAct":[],"HasSIDHistory":[],"Sessions":{"Results":[],"Collected":false,"FailureReason":null},"PrivilegedSessions":{"Results":[],"Collected":false,"FailureReason":null},"RegistrySessions":{"Results":[],"Collected":false,"FailureReason":null},"LocalAdmins":{"Results":[],"Collected":false,"FailureReason":null},"RemoteDesktopUsers":{"Results":[],"Collected":false,"FailureReason":null},"DcomUsers":{"Results":[],"Collected":false,"FailureReason":null},"PSRemoteUsers":{"Results":[],"Collected":false,"FailureReason":null},"Status":null,"Aces":[{"PrincipalSID":"S-1-5-21-310297039-926078081-3899681978-2264","PrincipalType":"User","RightName":"Owns","IsInherited":false},{"PrincipalSID":"TESTLAB.LOCAL-S-1-5-32-548","PrincipalType":"Group","RightName":"GenericAll","IsInherited":false},{"PrincipalSID":"S-1-5-21-310297039-926078081-3899681978-512","PrincipalType":"Group","RightName":"GenericAll","IsInherited":false},{"PrincipalSID":"S-1-5-21-310297039-926078081-3899681978-526","PrincipalType":"Group","RightName":"AddKeyCredentialLink","IsInherited":true},{"PrincipalSID":"S-1-5-21-310297039-926078081-3899681978-527","PrincipalType":"Group","RightName":"AddKeyCredentialLink","IsInherited":true},{"PrincipalSID":"S-1-5-21-310297039-926078081-3899681978-1216","PrincipalType":"User","RightName":"GenericAll","IsInherited":true},{"PrincipalSID":"S-1-5-21-310297039-926078081-3899681978-519","PrincipalType":"Group","RightName":"GenericAll","IsInherited":true},{"PrincipalSID":"S-1-5-21-310297039-926078081-3899681978-2250","PrincipalType":"Computer","RightName":"GenericAll","IsInherited":true},{"PrincipalSID":"S-1-5-21-310297039-926078081-3899681978-2257","PrincipalType":"Computer","RightName":"GenericAll","IsInherited":true},{"PrincipalSID":"TESTLAB.LOCAL-S-1-5-32-544","PrincipalType":"Group","RightName":"WriteDacl","IsInherited":true},{"PrincipalSID":"TESTLAB.LOCAL-S-1-5-32-544","PrincipalType":"Group","RightName":"WriteOwner","IsInherited":true},{"PrincipalSID":"TESTLAB.LOCAL-S-1-5-32-544","PrincipalType":"Group","RightName":"GenericWrite","IsInherited":true}],"ObjectIdentifier":"S-1-5-21-310297039-926078081-3899681978-2266","IsDeleted":false,"IsACLProtected":false,"Properties":{"domain":"TESTLAB.LOCAL","name":"EVILCOMPUTER.TESTLAB.LOCAL","distinguishedname":"CN=EVILCOMPUTER,CN=COMPUTERS,DC=TESTLAB,DC=LOCAL","domainsid":"S-1-5-21-310297039-926078081-3899681978","highvalue":false,"haslaps":false,"description":null,"whencreated":1661947997,"enabled":true,"unconstraineddelegation":false,"trustedtoauth":false,"lastlogon":0,"lastlogontimestamp":-1,"pwdlastset":1661940797,"serviceprincipalnames":["RestrictedKrbHost/evilComputer","HOST/evilComputer","RestrictedKrbHost/evilComputer.testlab.local","HOST/evilComputer.testlab.local"],"operatingsystem":null,"sidhistory":[]}},{"PrimaryGroupSID":"S-1-5-21-310297039-926078081-3899681978-516","AllowedToDelegate":[],"AllowedToAct":[],"HasSIDHistory":[],"Sessions":{"Results":[],"Collected":true,"FailureReason":null},"PrivilegedSessions":{"Results":[{"UserSID":"S-1-5-21-310297039-926078081-3899681978-2260","ComputerSID":"S-1-5-21-310297039-926078081-3899681978-1000"},{"UserSID":"S-1-5-21-310297039-926078081-3899681978-500","ComputerSID":"S-1-5-21-310297039-926078081-3899681978-1000"}],"Collected":true,"FailureReason":null},"RegistrySessions":{"Results":[{"UserSID":"S-1-5-21-310297039-926078081-3899681978-500","ComputerSID":"S-1-5-21-310297039-926078081-3899681978-1000"}],"Collected":true,"FailureReason":null},"LocalAdmins":{"Results":[{"ObjectIdentifier":"S-1-5-21-310297039-926078081-3899681978-500","ObjectType":"User"},{"ObjectIdentifier":"S-1-5-21-310297039-926078081-3899681978-519","ObjectType":"Group"},{"ObjectIdentifier":"S-1-5-21-310297039-926078081-3899681978-512","ObjectType":"Group"},{"ObjectIdentifier":"S-1-5-21-310297039-926078081-3899681978-1694","ObjectType":"User"},{"ObjectIdentifier":"S-1-5-21-310297039-926078081-3899681978-1870","ObjectType":"User"}],"Collected":true,"FailureReason":null},"RemoteDesktopUsers":{"Results":[{"ObjectIdentifier":"S-1-5-21-310297039-926078081-3899681978-1160","ObjectType":"User"}],"Collected":true,"FailureReason":null},"DcomUsers":{"Results":[{"ObjectIdentifier":"S-1-5-21-310297039-926078081-3899681978-1117","ObjectType":"User"},{"ObjectIdentifier":"S-1-5-21-310297039-926078081-3899681978-1406","ObjectType":"User"},{"ObjectIdentifier":"S-1-5-21-310297039-926078081-3899681978-1913","ObjectType":"User"}],"Collected":true,"FailureReason":null},"PSRemoteUsers":{"Results":[{"ObjectIdentifier":"S-1-5-21-310297039-926078081-3899681978-1258","ObjectType":"User"},{"ObjectIdentifier":"S-1-5-21-310297039-926078081-3899681978-1423","ObjectType":"User"},{"ObjectIdentifier":"S-1-5-21-310297039-926078081-3899681978-1508","ObjectType":"User"}],"Collected":true,"FailureReason":null},"Status":null,"Aces":[{"PrincipalSID":"S-1-5-21-310297039-926078081-3899681978-512","PrincipalType":"Group","RightName":"Owns","IsInherited":false},{"PrincipalSID":"S-1-5-21-310297039-926078081-3899681978-512","PrincipalType":"Group","RightName":"GenericAll","IsInherited":false},{"PrincipalSID":"S-1-5-21-310297039-926078081-3899681978-1577","PrincipalType":"User","RightName":"GenericAll","IsInherited":true},{"PrincipalSID":"S-1-5-21-310297039-926078081-3899681978-526","PrincipalType":"Group","RightName":"AddKeyCredentialLink","IsInherited":true},{"PrincipalSID":"S-1-5-21-310297039-926078081-3899681978-527","PrincipalType":"Group","RightName":"AddKeyCredentialLink","IsInherited":true},{"PrincipalSID":"S-1-5-21-310297039-926078081-3899681978-1216","PrincipalType":"User","RightName":"GenericAll","IsInherited":true},{"PrincipalSID":"S-1-5-21-310297039-926078081-3899681978-519","PrincipalType":"Group","RightName":"GenericAll","IsInherited":true},{"PrincipalSID":"S-1-5-21-310297039-926078081-3899681978-2250","PrincipalType":"Computer","RightName":"GenericAll","IsInherited":true},{"PrincipalSID":"S-1-5-21-310297039-926078081-3899681978-2257","PrincipalType":"Computer","RightName":"GenericAll","IsInherited":true},{"PrincipalSID":"TESTLAB.LOCAL-S-1-5-32-544","PrincipalType":"Group","RightName":"WriteDacl","IsInherited":true},{"PrincipalSID":"TESTLAB.LOCAL-S-1-5-32-544","PrincipalType":"Group","RightName":"WriteOwner","IsInherited":true},{"PrincipalSID":"TESTLAB.LOCAL-S-1-5-32-544","PrincipalType":"Group","RightName":"GenericWrite","IsInherited":true}],"ObjectIdentifier":"S-1-5-21-310297039-926078081-3899681978-1000","IsDeleted":false,"IsACLProtected":false,"Properties":{"domain":"TESTLAB.LOCAL","name":"DC1.TESTLAB.LOCAL","distinguishedname":"CN=DC1,OU=DOMAIN CONTROLLERS,DC=TESTLAB,DC=LOCAL","domainsid":"S-1-5-21-310297039-926078081-3899681978","highvalue":false,"haslaps":false,"description":null,"whencreated":1654177818,"enabled":true,"unconstraineddelegation":true,"trustedtoauth":false,"lastlogon":1662028937,"lastlogontimestamp":1661424137,"pwdlastset":1659422542,"serviceprincipalnames":["Dfsr-12F9A27C-BF97-4787-9364-D31B6C55EB04/DC1.testlab.local","ldap/DC1.testlab.local/ForestDnsZones.testlab.local","ldap/DC1.testlab.local/DomainDnsZones.testlab.local","TERMSRV/DC1","TERMSRV/DC1.testlab.local","DNS/DC1.testlab.local","GC/DC1.testlab.local/testlab.local","RestrictedKrbHost/DC1.testlab.local","RestrictedKrbHost/DC1","RPC/9223eff7-0f11-4e11-83bb-ce8549ffb94b._msdcs.testlab.local","HOST/DC1/TESTLAB","HOST/DC1.testlab.local/TESTLAB","HOST/DC1","HOST/DC1.testlab.local","HOST/DC1.testlab.local/testlab.local","E3514235-4B06-11D1-AB04-00C04FC2DCD2/9223eff7-0f11-4e11-83bb-ce8549ffb94b/testlab.local","ldap/DC1/TESTLAB","ldap/9223eff7-0f11-4e11-83bb-ce8549ffb94b._msdcs.testlab.local","ldap/DC1.testlab.local/TESTLAB","ldap/DC1","ldap/DC1.testlab.local","ldap/DC1.testlab.local/testlab.local"],"operatingsystem":"Windows Server 2019 Standard","sidhistory":[]}},{"PrimaryGroupSID":"S-1-5-21-310297039-926078081-3899681978-515","AllowedToDelegate":[],"AllowedToAct":[],"HasSIDHistory":[],"Sessions":{"Results":[],"Collected":true,"FailureReason":null},"PrivilegedSessions":{"Results":[{"UserSID":"S-1-5-21-310297039-926078081-3899681978-1788","ComputerSID":"S-1-5-21-310297039-926078081-3899681978-2250"}],"Collected":true,"FailureReason":null},"RegistrySessions":{"Results":[],"Collected":false,"FailureReason":"Der Netzwerkpfad wurde nicht gefunden.\r\n"},"LocalAdmins":{"Results":[{"ObjectIdentifier":"S-1-5-21-310297039-926078081-3899681978-512","ObjectType":"Group"}],"Collected":true,"FailureReason":null},"RemoteDesktopUsers":{"Results":[{"ObjectIdentifier":"S-1-5-21-310297039-926078081-3899681978-1788","ObjectType":"User"}],"Collected":true,"FailureReason":null},"DcomUsers":{"Results":[],"Collected":true,"FailureReason":null},"PSRemoteUsers":{"Results":[],"Collected":true,"FailureReason":null},"Status":null,"Aces":[{"PrincipalSID":"S-1-5-21-310297039-926078081-3899681978-512","PrincipalType":"Group","RightName":"Owns","IsInherited":false},{"PrincipalSID":"TESTLAB.LOCAL-S-1-5-32-548","PrincipalType":"Group","RightName":"GenericAll","IsInherited":false},{"PrincipalSID":"S-1-5-21-310297039-926078081-3899681978-512","PrincipalType":"Group","RightName":"GenericAll","IsInherited":false},{"PrincipalSID":"S-1-5-21-310297039-926078081-3899681978-526","PrincipalType":"Group","RightName":"AddKeyCredentialLink","IsInherited":true},{"PrincipalSID":"S-1-5-21-310297039-926078081-3899681978-527","PrincipalType":"Group","RightName":"AddKeyCredentialLink","IsInherited":true},{"PrincipalSID":"S-1-5-21-310297039-926078081-3899681978-1216","PrincipalType":"User","RightName":"GenericAll","IsInherited":true},{"PrincipalSID":"S-1-5-21-310297039-926078081-3899681978-519","PrincipalType":"Group","RightName":"GenericAll","IsInherited":true},{"PrincipalSID":"S-1-5-21-310297039-926078081-3899681978-2250","PrincipalType":"Computer","RightName":"GenericAll","IsInherited":true},{"PrincipalSID":"S-1-5-21-310297039-926078081-3899681978-2257","PrincipalType":"Computer","RightName":"GenericAll","IsInherited":true},{"PrincipalSID":"TESTLAB.LOCAL-S-1-5-32-544","PrincipalType":"Group","RightName":"WriteDacl","IsInherited":true},{"PrincipalSID":"TESTLAB.LOCAL-S-1-5-32-544","PrincipalType":"Group","RightName":"WriteOwner","IsInherited":true},{"PrincipalSID":"TESTLAB.LOCAL-S-1-5-32-544","PrincipalType":"Group","RightName":"GenericWrite","IsInherited":true}],"ObjectIdentifier":"S-1-5-21-310297039-926078081-3899681978-2250","IsDeleted":false,"IsACLProtected":false,"Properties":{"domain":"TESTLAB.LOCAL","name":"FSRPC1000000.TESTLAB.LOCAL","distinguishedname":"CN=FSRPC1000000,OU=DEVICES,OU=GOO,OU=TIER 1,DC=TESTLAB,DC=LOCAL","domainsid":"S-1-5-21-310297039-926078081-3899681978","highvalue":false,"haslaps":false,"description":"Created with secframe.com/badblood.","whencreated":1654251605,"enabled":true,"unconstraineddelegation":false,"trustedtoauth":false,"lastlogon":1662033373,"lastlogontimestamp":1661139036,"pwdlastset":1660171890,"serviceprincipalnames":["WSMAN/FSRPC1000000","WSMAN/FSRPC1000000.testlab.local","TERMSRV/FSRPC1000000","TERMSRV/FSRPC1000000.testlab.local","RestrictedKrbHost/FSRPC1000000","HOST/FSRPC1000000","RestrictedKrbHost/FSRPC1000000.testlab.local","HOST/FSRPC1000000.testlab.local"],"operatingsystem":"Windows 10 Pro","sidhistory":[]}},{"PrimaryGroupSID":"S-1-5-21-310297039-926078081-3899681978-515","AllowedToDelegate":[],"AllowedToAct":[],"HasSIDHistory":[],"Sessions":{"Results":[],"Collected":true,"FailureReason":null},"PrivilegedSessions":{"Results":[{"UserSID":"S-1-5-21-310297039-926078081-3899681978-500","ComputerSID":"S-1-5-21-310297039-926078081-3899681978-2241"},{"UserSID":"S-1-5-21-310297039-926078081-3899681978-1623","ComputerSID":"S-1-5-21-310297039-926078081-3899681978-2241"},{"UserSID":"S-1-5-21-310297039-926078081-3899681978-1577","ComputerSID":"S-1-5-21-310297039-926078081-3899681978-2241"},{"UserSID":"S-1-5-21-310297039-926078081-3899681978-500","ComputerSID":"S-1-5-21-310297039-926078081-3899681978-2241"},{"UserSID":"S-1-5-21-310297039-926078081-3899681978-500","ComputerSID":"S-1-5-21-310297039-926078081-3899681978-2241"},{"UserSID":"S-1-5-21-310297039-926078081-3899681978-2264","ComputerSID":"S-1-5-21-310297039-926078081-3899681978-2241"},{"UserSID":"S-1-5-21-310297039-926078081-3899681978-1258","ComputerSID":"S-1-5-21-310297039-926078081-3899681978-2241"}],"Collected":true,"FailureReason":null},"RegistrySessions":{"Results":[],"Collected":false,"FailureReason":"Der Netzwerkpfad wurde nicht gefunden.\r\n"},"LocalAdmins":{"Results":[{"ObjectIdentifier":"S-1-5-21-310297039-926078081-3899681978-512","ObjectType":"Group"}],"Collected":true,"FailureReason":null},"RemoteDesktopUsers":{"Results":[{"ObjectIdentifier":"S-1-5-21-310297039-926078081-3899681978-1258","ObjectType":"User"},{"ObjectIdentifier":"S-1-5-21-310297039-926078081-3899681978-513","ObjectType":"Group"}],"Collected":true,"FailureReason":null},"DcomUsers":{"Results":[],"Collected":true,"FailureReason":null},"PSRemoteUsers":{"Results":[],"Collected":true,"FailureReason":null},"Status":null,"Aces":[{"PrincipalSID":"S-1-5-21-310297039-926078081-3899681978-512","PrincipalType":"Group","RightName":"Owns","IsInherited":false},{"PrincipalSID":"TESTLAB.LOCAL-S-1-5-32-548","PrincipalType":"Group","RightName":"GenericAll","IsInherited":false},{"PrincipalSID":"S-1-5-21-310297039-926078081-3899681978-512","PrincipalType":"Group","RightName":"GenericAll","IsInherited":false},{"PrincipalSID":"S-1-5-21-310297039-926078081-3899681978-2246","PrincipalType":"Computer","RightName":"GenericAll","IsInherited":true},{"PrincipalSID":"S-1-5-21-310297039-926078081-3899681978-2245","PrincipalType":"Computer","RightName":"GenericAll","IsInherited":true},{"PrincipalSID":"S-1-5-21-310297039-926078081-3899681978-1577","PrincipalType":"User","RightName":"GenericAll","IsInherited":true},{"PrincipalSID":"S-1-5-21-310297039-926078081-3899681978-526","PrincipalType":"Group","RightName":"AddKeyCredentialLink","IsInherited":true},{"PrincipalSID":"S-1-5-21-310297039-926078081-3899681978-527","PrincipalType":"Group","RightName":"AddKeyCredentialLink","IsInherited":true},{"PrincipalSID":"S-1-5-21-310297039-926078081-3899681978-1216","PrincipalType":"User","RightName":"GenericAll","IsInherited":true},{"PrincipalSID":"S-1-5-21-310297039-926078081-3899681978-519","PrincipalType":"Group","RightName":"GenericAll","IsInherited":true},{"PrincipalSID":"S-1-5-21-310297039-926078081-3899681978-2250","PrincipalType":"Computer","RightName":"GenericAll","IsInherited":true},{"PrincipalSID":"S-1-5-21-310297039-926078081-3899681978-2257","PrincipalType":"Computer","RightName":"GenericAll","IsInherited":true},{"PrincipalSID":"TESTLAB.LOCAL-S-1-5-32-544","PrincipalType":"Group","RightName":"WriteDacl","IsInherited":true},{"PrincipalSID":"TESTLAB.LOCAL-S-1-5-32-544","PrincipalType":"Group","RightName":"WriteOwner","IsInherited":true},{"PrincipalSID":"TESTLAB.LOCAL-S-1-5-32-544","PrincipalType":"Group","RightName":"GenericWrite","IsInherited":true}],"ObjectIdentifier":"S-1-5-21-310297039-926078081-3899681978-2241","IsDeleted":false,"IsACLProtected":false,"Properties":{"domain":"TESTLAB.LOCAL","name":"OGCWAPPS1000000.TESTLAB.LOCAL","distinguishedname":"CN=OGCWAPPS1000000,OU=DEVICES,OU=ITS,OU=STAGE,DC=TESTLAB,DC=LOCAL","domainsid":"S-1-5-21-310297039-926078081-3899681978","highvalue":false,"haslaps":false,"description":"Created with secframe.com/badblood.","whencreated":1654251600,"enabled":true,"unconstraineddelegation":false,"trustedtoauth":false,"lastlogon":1662027526,"lastlogontimestamp":1661077125,"pwdlastset":1660451848,"serviceprincipalnames":["WSMAN/OGCWAPPS1000000","WSMAN/OGCWAPPS1000000.testlab.local","TERMSRV/OGCWAPPS1000000","TERMSRV/OGCWAPPS1000000.testlab.local","RestrictedKrbHost/OGCWAPPS1000000","HOST/OGCWAPPS1000000","RestrictedKrbHost/OGCWAPPS1000000.testlab.local","HOST/OGCWAPPS1000000.testlab.local"],"operatingsystem":"Windows 11 Pro","sidhistory":[]}}],"meta":{"methods":29695,"type":"computers","count":21,"version":4}}