﻿{"data":[{"ChildObjects":[{"ObjectIdentifier":"0E949CCF-316F-4707-B230-24BF9DAE8DAF","ObjectType":"OU"},{"ObjectIdentifier":"B4F54826-8A9E-4717-8C51-8B89090DADBF","ObjectType":"OU"},{"ObjectIdentifier":"13776A98-6D34-406F-8DBE-260D740269A9","ObjectType":"Container"},{"ObjectIdentifier":"E2BE1749-E846-4B59-BA16-4871262706A3","ObjectType":"OU"},{"ObjectIdentifier":"48E2CA2C-7244-454A-B0A4-36B13D52506E","ObjectType":"Container"},{"ObjectIdentifier":"6744147C-3C4F-4567-82C8-4BA758863B8C","ObjectType":"OU"},{"ObjectIdentifier":"7FE93A05-0756-4139-967C-351E6A5A2139","ObjectType":"Container"},{"ObjectIdentifier":"BB748AB3-0B00-4F59-8D47-7A00DACA5FFD","ObjectType":"Container"},{"ObjectIdentifier":"7D24A1AF-C281-4A2B-A672-606367057D1A","ObjectType":"OU"},{"ObjectIdentifier":"CDAD45AF-BEE6-4BF1-A88E-E6DE2250F4B6","ObjectType":"OU"},{"ObjectIdentifier":"1D075122-E8C4-4A75-9426-A1DFFA35649E","ObjectType":"OU"},{"ObjectIdentifier":"64E8CE10-D3D6-4DC3-9152-D2FA7D25A6AF","ObjectType":"OU"},{"ObjectIdentifier":"C8625A6E-D6F8-4383-B9DB-8A5450233DEF","ObjectType":"OU"},{"ObjectIdentifier":"84DD131E-6180-4DC9-B556-756840E753BA","ObjectType":"OU"},{"ObjectIdentifier":"CBE4230D-70D6-43BF-96A8-AE19D81A253D","ObjectType":"Container"}],"Trusts":[],"Links":[{"IsEnforced":false,"GUID":"CFF29202-9B5C-4B68-95D8-01E220D13B4B"}],"Aces":[{"PrincipalSID":"TESTLAB.LOCAL-S-1-5-32-544","PrincipalType":"Group","RightName":"Owns","IsInherited":false},{"PrincipalSID":"TESTLAB.LOCAL-S-1-5-32-544","PrincipalType":"Group","RightName":"WriteDacl","IsInherited":false},{"PrincipalSID":"TESTLAB.LOCAL-S-1-5-32-544","PrincipalType":"Group","RightName":"WriteOwner","IsInherited":false},{"PrincipalSID":"TESTLAB.LOCAL-S-1-5-32-544","PrincipalType":"Group","RightName":"AllExtendedRights","IsInherited":false},{"PrincipalSID":"S-1-5-21-310297039-926078081-3899681978-512","PrincipalType":"Group","RightName":"WriteDacl","IsInherited":false},{"PrincipalSID":"S-1-5-21-310297039-926078081-3899681978-512","PrincipalType":"Group","RightName":"WriteOwner","IsInherited":false},{"PrincipalSID":"S-1-5-21-310297039-926078081-3899681978-512","PrincipalType":"Group","RightName":"AllExtendedRights","IsInherited":false},{"PrincipalSID":"S-1-5-21-310297039-926078081-3899681978-519","PrincipalType":"Group","RightName":"GenericAll","IsInherited":false},{"PrincipalSID":"TESTLAB.LOCAL-S-1-5-9","PrincipalType":"Group","RightName":"GetChanges","IsInherited":false},{"PrincipalSID":"TESTLAB.LOCAL-S-1-5-32-544","PrincipalType":"Group","RightName":"GetChanges","IsInherited":false},{"PrincipalSID":"TESTLAB.LOCAL-S-1-5-32-544","PrincipalType":"Group","RightName":"GetChangesAll","IsInherited":false},{"PrincipalSID":"S-1-5-21-310297039-926078081-3899681978-498","PrincipalType":"Group","RightName":"GetChanges","IsInherited":false},{"PrincipalSID":"S-1-5-21-310297039-926078081-3899681978-516","PrincipalType":"Group","RightName":"GetChangesAll","IsInherited":false}],"ObjectIdentifier":"S-1-5-21-310297039-926078081-3899681978","IsDeleted":false,"IsACLProtected":false,"GPOChanges":{"LocalAdmins":[],"RemoteDesktopUsers":[],"DcomUsers":[],"PSRemoteUsers":[],"AffectedComputers":[{"ObjectIdentifier":"S-1-5-21-310297039-926078081-3899681978-1000","ObjectType":"Computer"},{"ObjectIdentifier":"S-1-5-21-310297039-926078081-3899681978-2241","ObjectType":"Computer"},{"ObjectIdentifier":"S-1-5-21-310297039-926078081-3899681978-2242","ObjectType":"Computer"},{"ObjectIdentifier":"S-1-5-21-310297039-926078081-3899681978-2243","ObjectType":"Computer"},{"ObjectIdentifier":"S-1-5-21-310297039-926078081-3899681978-2244","ObjectType":"Computer"},{"ObjectIdentifier":"S-1-5-21-310297039-926078081-3899681978-2245","ObjectType":"Computer"},{"ObjectIdentifier":"S-1-5-21-310297039-926078081-3899681978-2246","ObjectType":"Computer"},{"ObjectIdentifier":"S-1-5-21-310297039-926078081-3899681978-2247","ObjectType":"Computer"},{"ObjectIdentifier":"S-1-5-21-310297039-926078081-3899681978-2248","ObjectType":"Computer"},{"ObjectIdentifier":"S-1-5-21-310297039-926078081-3899681978-2249","ObjectType":"Computer"},{"ObjectIdentifier":"S-1-5-21-310297039-926078081-3899681978-2250","ObjectType":"Computer"},{"ObjectIdentifier":"S-1-5-21-310297039-926078081-3899681978-2251","ObjectType":"Computer"},{"ObjectIdentifier":"S-1-5-21-310297039-926078081-3899681978-2252","ObjectType":"Computer"},{"ObjectIdentifier":"S-1-5-21-310297039-926078081-3899681978-2253","ObjectType":"Computer"},{"ObjectIdentifier":"S-1-5-21-310297039-926078081-3899681978-2254","ObjectType":"Computer"},{"ObjectIdentifier":"S-1-5-21-310297039-926078081-3899681978-2255","ObjectType":"Computer"},{"ObjectIdentifier":"S-1-5-21-310297039-926078081-3899681978-2256","ObjectType":"Computer"},{"ObjectIdentifier":"S-1-5-21-310297039-926078081-3899681978-2257","ObjectType":"Computer"},{"ObjectIdentifier":"S-1-5-21-310297039-926078081-3899681978-2258","ObjectType":"Computer"},{"ObjectIdentifier":"S-1-5-21-310297039-926078081-3899681978-2259","ObjectType":"Computer"},{"ObjectIdentifier":"S-1-5-21-310297039-926078081-3899681978-2266","ObjectType":"Computer"}]},"Properties":{"domain":"TESTLAB.LOCAL","name":"TESTLAB.LOCAL","distinguishedname":"DC=TESTLAB,DC=LOCAL","domainsid":"S-1-5-21-310297039-926078081-3899681978","highvalue":true,"description":null,"whencreated":1654177552,"functionallevel":"2016"}}],"meta":{"methods":29695,"type":"domains","count":1,"version":4}}